,topic,name,user,star,fork,watch,issue,pull_requests,projects,topic_tag,discription_text,discription_url,commits,branches,packages,releases,contributers,License,url
0,Raspberry pi,RetroPie-Setup,RetroPie,8.5k,1.2k,564,41,35,0,"['raspberry-pi', 'pi', 'retrogaming', 'emulation']",Shell script to set up a Raspberry Pi/Odroid/PC with RetroArch emulator and various cores,,"6,321",3,0,0,29,View license,https://github.com/RetroPie/RetroPie-Setup
1,Raspberry pi,raspberry-pi-os,s-matyukevich,7.3k,653,394,22,0,0,"['raspberry-pi', 'linux-kernel', 'osdev', 'arm', 'operating-system', 'raspberry-pi-3', 'armv8', 'kernel', 'tutorial', 'c', 'assembler', 'education', 'resource', 'raspberry-pi-os', 'learn']",Learning operating system development using Linux kernel and Raspberry Pi,,458,3,0,0,0,MIT,https://github.com/s-matyukevich/raspberry-pi-os
2,Raspberry pi,qt,therecipe,7.3k,538,297,226,1,,"['go', 'gui-framework', 'qt', 'cross-platform-gui', 'windows', 'macos', 'linux', 'android', 'ios', 'sailfish-os', 'raspberry-pi', 'asteroidos', 'ubuntu-touch', 'golang', 'javascript', 'webassembly', 'felgo', 'freebsd']",Qt binding for Go (Golang) with support for Windows / macOS / Linux / FreeBSD / Android / iOS / Sailfish OS / Raspberry Pi / AsteroidOS / Ubuntu Touch / JavaScript / WebAssembly,,832,1,0,0,0,LGPL-3.0,https://github.com/therecipe/qt
3,Raspberry pi,awesome-raspberry-pi,thibmaek,6.8k,680,382,1,0,0,"['awesome', 'raspberry-pi', 'resources', 'list', 'awesome-list']","üìù A curated list of awesome Raspberry Pi tools, projects, images and resources",https://awesome-rpi.netlify.com,330,1,0,0,0,View license,https://github.com/thibmaek/awesome-raspberry-pi
4,Raspberry pi,linux,raspberrypi,6.7k,3.3k,737,281,33,0,[],Kernel source tree for Raspberry Pi Foundation-provided kernel builds. Issues unrelated to the linux kernel should be posted on the community forum at https://www.raspberrypi.org/forum,https://www.raspberrypi.org/forum,"797,646",65,0,0,49,View license,https://github.com/raspberrypi/linux
5,Raspberry pi,poisontap,samyk,5.3k,985,335,84,5,0,[],"Exploits locked/password protected computers over USB, drops persistent WebSocket-based backdoor, exposes internal router, and siphons cookies using Raspberry Pi Zero & Node.js.",https://samy.pl/poisontap/,41,1,0,0,0,Fetching contributors,https://github.com/samyk/poisontap
6,Raspberry pi,firmware,raspberrypi,3.4k,1.2k,423,218,1,0,[],"This repository contains pre-compiled binaries of the current Raspberry Pi kernel and modules, userspace libraries, and bootloader/GPU firmware.",,952,4,0,0,45,"16
    
    contributors",https://github.com/raspberrypi/firmware
7,Raspberry pi,home-automation,deepsyx,3.4k,261,151,11,0,0,"['nodejs', 'raspberry', 'phone', 'javascript', 'home-automation', 'react-native']",Raspberry Pi 3 based home automation with NodeJS and React Native.,,48,1,0,0,0,MIT,https://github.com/deepsyx/home-automation
8,Raspberry pi,documentation,raspberrypi,3.3k,1.5k,318,54,17,0,[],Official documentation for the Raspberry Pi,https://www.raspberrypi.org/documenta‚Ä¶,"2,837",9,0,0,0,View license,https://github.com/raspberrypi/documentation
9,Raspberry pi,pivpn,pivpn,3.2k,327,134,43,1,0,"['openvpn', 'openvpn-installer', 'pivpn', 'raspberry-pi', 'wireguard', 'vpn-server']","The Simplest VPN installer, designed for Raspberry Pi",https://pivpn.io,594,3,0,0,11,MIT,https://github.com/pivpn/pivpn
10,Raspberry pi,P4wnP1,RoganDawes,2.8k,563,270,95,16,0,[],"P4wnP1 is a highly customizable USB attack platform, based on a low cost Raspberry Pi Zero or Raspberry Pi Zero W.",,245,3,0,0,1,GPL-3.0,https://github.com/RoganDawes/P4wnP1
11,Raspberry pi,blynk-library,blynkkk,2.6k,767,235,15,4,0,"['arduino', 'esp8266', 'esp32', 'particle-photon', 'embedded', 'hardware', 'mbed', 'raspberry-pi', 'bluetooth', 'bluetooth-low-energy', 'serialport', 'ethernet-shield', 'gsm', 'ota', 'iot', 'internet-of-things', 'espressif', 'iot-platform', 'wifi']","Blynk library for embedded hardware. Works with Arduino, ESP8266, Raspberry Pi, Intel Edison/Galileo, LinkIt ONE, Particle Core/Photon, Energia, ARM mbed, etc.",https://www.blynk.cc/,"1,758",1,0,0,31,MIT,https://github.com/blynkkk/blynk-library
12,Raspberry pi,coder,googlecreativelab,2.4k,278,205,58,5,0,[],A simple way to make web stuff on Raspberry Pi,http://goo.gl/coder,82,2,0,0,0,Apache-2.0,https://github.com/googlecreativelab/coder
13,Raspberry pi,raspotify,dtcooper,2.3k,123,62,146,3,0,"['spotify', 'librespot', 'spotify-connect', 'raspberry-pi', 'raspbian']",Spotify Connect client for the Raspberry Pi that Just Works‚Ñ¢,https://dtcooper.github.io/raspotify,76,2,0,0,32,MIT,https://github.com/dtcooper/raspotify
14,Raspberry pi,raspberrypi,dwelch67,2.2k,431,287,20,4,0,[],Raspberry Pi ARM based bare metal examples,,195,1,0,0,0,Fetching contributors,https://github.com/dwelch67/raspberrypi
15,Raspberry pi,tensorflow-on-raspberry-pi,samjabrahams,2.1k,506,165,72,1,0,"['raspberry-pi', 'tensorflow', 'machine-learning']",TensorFlow for Raspberry Pi,,79,6,0,0,10,View license,https://github.com/samjabrahams/tensorflow-on-raspberry-pi
16,Raspberry pi,rpi-update,Hexxeh,1.8k,199,136,32,5,0,[],An easier way to update the firmware of your Raspberry Pi,,192,1,0,0,0,MIT,https://github.com/Hexxeh/rpi-update
17,Raspberry pi,blynk-server,blynkkk,1.8k,650,168,19,1,0,"['java', 'iot', 'netty', 'blynk-server', 'internet-of-things', 'arduino', 'raspberry-pi', 'mqtt', 'esp8266', 'iot-platform', 'http', 'websockets', 'home-automation', 'ota', 'blynk', 'esp32', 'particle-photon', 'rest-api', 'ssl-certificate', 'hardware']","Blynk is an Internet of Things Platform aimed to simplify building mobile and web applications for the Internet of Things. Easily connect 400+ hardware models like Arduino, ESP8266, ESP32, Raspberry Pi and similar MCUs and drag-n-drop IOT mobile apps for iOS and Android in 5 minutes",https://www.blynk.cc/,"4,832",13,0,0,185,GPL-3.0,https://github.com/blynkkk/blynk-server
18,Raspberry pi,rpi-rgb-led-matrix,hzeller,1.8k,666,145,238,21,0,"['raspberry-pi', 'rgb-panels', 'led-panels', 'multiplexing', 'gpio']","Controlling up to three chains of 64x64, 32x32, 16x32 or similar RGB LED displays using Raspberry Pi GPIO",,800,5,0,0,0,GPL-2.0,https://github.com/hzeller/rpi-rgb-led-matrix
19,Raspberry pi,noobs,raspberrypi,1.8k,388,202,45,13,0,[],NOOBS (New Out Of Box Software) - An easy Operating System install manager for the Raspberry Pi,http://www.raspberrypi.org/downloads,362,2,0,0,27,"30
    
    contributors",https://github.com/raspberrypi/noobs
20,Raspberry pi,PiCAST,lanceseidman,1.6k,281,161,27,12,0,[],PiCAST turns your $35 Raspberry Pi in to a Chromecast like Device.,https://munchron.com,178,4,0,0,0,Fetching contributors,https://github.com/lanceseidman/PiCAST
21,Raspberry pi,userland,raspberrypi,1.6k,928,256,51,13,0,[],Source code for ARM side libraries for interfacing to Raspberry Pi GPU.,,768,3,0,0,0,BSD-3-Clause,https://github.com/raspberrypi/userland
22,Raspberry pi,gokrazy,gokrazy,1.6k,60,55,17,1,,[],a pure-Go userland for your Raspberry Pi 3 appliances,https://gokrazy.org,66,1,0,0,0,BSD-3-Clause,https://github.com/gokrazy/gokrazy
23,Raspberry pi,audio-reactive-led-strip,scottlawsonbc,1.6k,384,123,114,8,1,"['raspberry-pi', 'music-visualizer', 'python', 'esp8266', 'arduino', 'signal-processing', 'audio-processing']",üéµ üåà Real-time LED strip music visualization using Python and the ESP8266 or Raspberry Pi,,181,5,0,0,0,MIT,https://github.com/scottlawsonbc/audio-reactive-led-strip
24,Raspberry pi,RF24,nRF24,1.5k,714,135,37,5,,"['rf24', 'arduino-library', 'c-plus-plus', 'nrf24l01', 'arduino']",Optimized fork of nRF24L01 for Arduino & Raspberry Pi/Linux Devices,https://tmrh20.github.io/RF24,718,3,0,0,15,GPL-2.0,https://github.com/nRF24/RF24
25,Raspberry pi,node-sonos-http-api,jishi,1.5k,400,134,123,10,0,['sonos'],"An HTTP API bridge for Sonos easing automation. Hostable on any node.js capable device, like a raspberry pi or similar.",http://jishi.github.io/node-sonos-htt‚Ä¶,503,4,0,0,6,MIT,https://github.com/jishi/node-sonos-http-api
26,Raspberry pi,BerryNet,DT42,1.4k,215,101,3,1,1,"['raspberry-pi', 'deep-learning', 'tensorflow', 'iot', 'mqtt', 'aiot', 'edge-devices', 'edge-ai', 'openvino', 'tensorrt']",Deep learning gateway on Raspberry Pi and other edge devices,,342,6,0,0,47,GPL-3.0,https://github.com/DT42/BerryNet
27,Raspberry pi,heimcontrol.js,ni-c,1.4k,326,103,61,6,0,[],Home-Automation with node.js and Raspberry PI,,157,2,0,0,0,MIT,https://github.com/ni-c/heimcontrol.js
28,Raspberry pi,awesome-raspberry-pi-zh,wwj718,1.4k,278,99,0,0,0,['raspberry-pi'],"Ê†ëËéìÊ¥æ(Raspberry Pi )ËµÑÊ∫êÂ§ßÂÖ®‰∏≠ÊñáÁâà , ÂåÖÊã¨Â∑•ÂÖ∑„ÄÅÈ°πÁõÆ„ÄÅÈïúÂÉè„ÄÅËµÑÊ∫êÁ≠â",,9,1,0,0,0,Fetching contributors,https://github.com/wwj718/awesome-raspberry-pi-zh
29,Raspberry pi,Adafruit-Raspberry-Pi-Python-Code,adafruit,1.4k,685,257,0,0,0,[],Adafruit library code for Raspberry Pi,,170,2,0,0,0,Fetching contributors,https://github.com/adafruit/Adafruit-Raspberry-Pi-Python-Code
30,Raspberry pi,BerryNet,DT42,1.4k,215,101,3,1,1,"['raspberry-pi', 'deep-learning', 'tensorflow', 'iot', 'mqtt', 'aiot', 'edge-devices', 'edge-ai', 'openvino', 'tensorrt']",Deep learning gateway on Raspberry Pi and other edge devices,,342,6,0,0,47,GPL-3.0,https://github.com/DT42/BerryNet
31,Raspberry pi,heimcontrol.js,ni-c,1.4k,326,103,61,6,0,[],Home-Automation with node.js and Raspberry PI,,157,2,0,0,0,MIT,https://github.com/ni-c/heimcontrol.js
32,Raspberry pi,awesome-raspberry-pi-zh,wwj718,1.4k,278,99,0,0,0,['raspberry-pi'],"Ê†ëËéìÊ¥æ(Raspberry Pi )ËµÑÊ∫êÂ§ßÂÖ®‰∏≠ÊñáÁâà , ÂåÖÊã¨Â∑•ÂÖ∑„ÄÅÈ°πÁõÆ„ÄÅÈïúÂÉè„ÄÅËµÑÊ∫êÁ≠â",,9,1,0,0,0,Fetching contributors,https://github.com/wwj718/awesome-raspberry-pi-zh
33,Raspberry pi,Adafruit-Raspberry-Pi-Python-Code,adafruit,1.4k,685,257,0,0,0,[],Adafruit library code for Raspberry Pi,,170,2,0,0,0,Fetching contributors,https://github.com/adafruit/Adafruit-Raspberry-Pi-Python-Code
34,Raspberry pi,crankshaft,opencardev,1.4k,159,141,90,0,0,"['raspberry-pi', 'crankshaft', 'rpi', 'rpi3', 'raspberrypi', 'distro', 'raspbian', 'raspbian-lite', 'android-auto', 'phone', 'openauto', 'aasdk']",Crankshaft: A turnkey GNU/Linux solution that transforms a Raspberry Pi to an Android Auto head unit.,http://getcrankshaft.com,502,3,0,0,52,Fetching contributors,https://github.com/opencardev/crankshaft
35,Raspberry pi,go-rpio,stianeikeland,1.4k,151,53,20,7,0,[],üîå Raspberry Pi GPIO library for go-lang,,89,1,0,0,10,MIT,https://github.com/stianeikeland/go-rpio
36,Raspberry pi,pibakery,davidferguson,1.3k,145,78,59,3,0,[],"The blocks based, easy to use setup tool for Raspberry Pi",http://www.PiBakery.org,86,2,0,0,15,GPL-3.0,https://github.com/davidferguson/pibakery
37,Raspberry pi,OctoPi,guysoft,1.3k,251,116,72,0,0,[],"Scripts to build OctoPi, a Raspberry PI distro for controlling 3D printers over the web",,532,30,0,0,15,GPL-3.0,https://github.com/guysoft/OctoPi
38,Raspberry pi,WiringPi,WiringPi,1.2k,616,136,13,0,,[],Gordon's Arduino wiring-like WiringPi Library for the Raspberry Pi (Unofficial Mirror for WiringPi bindings),,149,1,0,0,1,LGPL-3.0,https://github.com/WiringPi/WiringPi
39,Raspberry pi,rpi_ws281x,jgarff,1.2k,457,107,67,1,0,[],Userspace Raspberry Pi PWM library for WS281X LEDs,,207,3,0,0,0,BSD-2-Clause,https://github.com/jgarff/rpi_ws281x
40,Raspberry pi,picamera,waveform80,1.2k,280,93,186,11,0,"['raspberry-pi', 'raspberry-pi-camera', 'python']",A pure Python interface to the Raspberry Pi camera module,https://picamera.readthedocs.io/,926,3,0,0,22,BSD-3-Clause,https://github.com/waveform80/picamera
41,Raspberry pi,mraa,eclipse,1.2k,541,131,121,22,0,"['mraa', 'libmraa', 'intel-joule', 'board', 'raspberry-pi', 'communication', 'galileo', 'io', 'linux', 'i2c', 'gpio', 'spi']","Linux Library for low speed IO Communication in C with bindings for C++, Python, Node.js & Java. Supports generic io platforms, as well as Intel Edison, Intel Joule, Raspberry Pi and many more.",http://mraa.io,"1,768",39,0,0,62,MIT,https://github.com/eclipse/mraa
42,Raspberry pi,pi4j,Pi4J,1.2k,451,171,114,12,0,[],"Java I/O library for Raspberry Pi (GPIO, I2C, SPI, UART)",http://www.pi4j.com,"1,029",12,0,0,11,LGPL-3.0,https://github.com/Pi4J/pi4j
43,Raspberry pi,LCD-show,goodtft,1.1k,385,96,107,5,0,[],"2.4"" 2.8""3.2"" 3.5"" 5.0"" 7.0"" TFT LCD driver for the Raspberry PI 3B+/A/A+/B/B+/PI2/ PI3/ZERO/ZERO W",,301,2,0,0,0,"1
    
    contributor",https://github.com/goodtft/LCD-show
44,Raspberry pi,Debian-Pi-Aarch64,openfans-community-offical,1.1k,144,37,31,0,0,"['pi', 'raspberry', 'raspberry-pi-3', 'arm64', 'arm64v8', 'armv8', 'aarch64', 'pi-64', 'pi64', 'raspberrypi', 'raspberry-pi', 'raspberry-pi-3b', 'raspberry-pi-3b-plus', 'pi-4b', 'deepin', 'raspberry-pi-4', 'pi4', 'rpi-4b', 'raspberry-pi-4b', 'pi-64bit']","This is the first 64-bit system in the world to support all Raspberry Pi 64-bit hardware!!! (Include: 4B,3B+,3B,3A+)",https://gitee.com/openfans-community/‚Ä¶,"1,188",1,0,0,0,Fetching contributors,https://github.com/openfans-community-offical/Debian-Pi-Aarch64
45,Raspberry pi,nextcloudpi,nextcloud,1k,179,73,68,4,0,"['nextcloud', 'qemu', 'docker-image', 'raspbian', 'raspberry-pi', 'arm', 'x86-64']","üì¶ Build code for NextcloudPi: Raspberry Pi, Odroid, Rock64, Docker, curl installer...",https://nextcloudpi.com,"1,059",4,0,0,690,"38
    
    contributors",https://github.com/nextcloud/nextcloudpi
46,Raspberry pi,gpiozero,gpiozero,993,208,74,109,12,2,"['gpio', 'raspberry-pi', 'python', 'education', 'zero-boilerplate']",A simple interface to GPIO devices with Raspberry Pi,https://gpiozero.readthedocs.io/,"1,269",3,0,0,19,BSD-3-Clause,https://github.com/gpiozero/gpiozero
47,Raspberry pi,PiFmRds,ChristopheJacquet,970,269,91,49,7,0,[],FM-RDS transmitter using the Raspberry Pi's PWM,,79,2,0,0,0,GPL-3.0,https://github.com/ChristopheJacquet/PiFmRds
48,Raspberry pi,rpi-open-firmware,christinaa,954,91,107,15,0,0,[],Open source VPU side bootloader for Raspberry Pi.,,159,5,0,0,0,View license,https://github.com/christinaa/rpi-open-firmware
49,Raspberry pi,Adafruit_Python_DHT,adafruit,951,754,108,0,0,0,[],Python library to read the DHT series of humidity and temperature sensors on a Raspberry Pi or Beaglebone Black.,,77,4,0,0,4,MIT,https://github.com/adafruit/Adafruit_Python_DHT
50,Raspberry pi,raspberry-pi-dramble,geerlingguy,945,142,63,8,1,,"['dramble', 'raspberry-pi', 'bramble', 'cluster', 'ansible', 'automation', 'devops', 'drupal', 'distributed', 'kubernetes', 'docker']",Raspberry Pi Kubernetes cluster that runs HA/HP Drupal 8,http://www.pidramble.com/,373,3,0,0,35,MIT,https://github.com/geerlingguy/raspberry-pi-dramble
51,Raspberry pi,raspberry_pwn,pwnieexpress,918,199,133,6,2,0,[],A Raspberry Pi pentesting suite by Pwnie Express,,59,2,0,0,0,GPL-3.0,https://github.com/pwnieexpress/raspberry_pwn
52,Raspberry pi,goSecure,nsacyber,895,178,77,3,3,0,"['vpn', 'raspberry-pi', 'linux', 'strongswan']",An easy to use and portable Virtual Private Network (VPN) system built with Linux and a Raspberry Pi. #nsacyber,https://nsacyber.github.io/goSecure/,50,3,0,0,0,View license,https://github.com/nsacyber/goSecure
53,Raspberry pi,docker-homebridge,oznu,877,103,57,7,1,,"['homebridge', 'docker', 'raspberry-pi', 'x86-64', 'homekit', 'siri', 'alpine-linux', 'armhf', 'homebridge-docker', 'docker-homebridge', 'rpi', 'armv6', 'arm', 'arm64', 'aarch64', 'arm6', 'ffmpeg', 'libfdk-aac']","Homebridge Docker. HomeKit support for the impatient using Docker on x86_64, Raspberry Pi (armhf) and ARM64. Includes ffmpeg + libfdk-aac.",https://hub.docker.com/r/oznu/homebri‚Ä¶,225,2,0,0,25,GPL-3.0,https://github.com/oznu/docker-homebridge
54,Raspberry pi,Raspberry-Pi,wtsxDev,872,54,52,0,0,0,[],Raspberry Pi A to Z List,,2,1,0,0,0,Fetching contributors,https://github.com/wtsxDev/Raspberry-Pi
55,Raspberry pi,IOTstack,gcgarner,861,175,76,54,21,1,"['docker', 'raspberry-pi', 'docker-compose-commands', 'grafana', 'influxdb', 'portainer', 'mosquitto', 'postgres', 'nodered', 'mqtt']",docker stack for getting started on IOT on the Raspberry PI,,167,3,0,0,0,GPL-3.0,https://github.com/gcgarner/IOTstack
56,Raspberry pi,image-builder-rpi,hypriot,837,132,51,27,1,1,"['sd-card-image', 'raspberry-pi', 'image-builder-rpi', 'vagrant', 'docker-machine', 'hypriot-os', 'docker']",SD card image for Raspberry Pi with Docker: HypriotOS,http://blog.hypriot.com/post/how-to-g‚Ä¶,626,2,0,0,104,MIT,https://github.com/hypriot/image-builder-rpi
57,Raspberry pi,docker-arm,alexellis,835,105,55,9,1,0,[],Build Docker and Swarm on an ARM SoC like the Raspberry Pi,,141,2,0,0,2,GPL-3.0,https://github.com/alexellis/docker-arm
58,Raspberry pi,dockerpi,lukechilds,825,47,24,2,0,0,"['docker', 'docker-image', 'raspberry-pi', 'virtual-machine', 'qemu', 'vm', 'arm', 'container']",A Virtualised Raspberry Pi inside a Docker image,,50,2,0,0,0,MIT,https://github.com/lukechilds/dockerpi
59,Raspberry pi,TensorFlow-Object-Detection-on-the-Raspberry-Pi,EdjeElectronics,821,276,55,48,0,0,[],A tutorial showing how to set up TensorFlow's Object Detection API on the Raspberry Pi,,63,1,0,0,0,Apache-2.0,https://github.com/EdjeElectronics/TensorFlow-Object-Detection-on-the-Raspberry-Pi
60,Raspberry pi,codebuilds,headmelted,818,56,55,50,7,0,[],Community builds of Visual Studio Code for Chromebooks and Raspberry Pi,https://code.headmelted.com,"20,617",4,0,0,658,View license,https://github.com/headmelted/codebuilds
61,Raspberry pi,raspi3-tutorial,bztsrc,796,124,48,0,0,0,[],Bare metal Raspberry Pi 3 tutorials,,88,1,0,0,0,MIT,https://github.com/bztsrc/raspi3-tutorial
62,Raspberry pi,Adafruit-Pi-Finder,adafruit,776,84,71,33,1,0,[],Find and set up your brand new Raspberry Pi,,266,2,0,0,11,MIT,https://github.com/adafruit/Adafruit-Pi-Finder
63,Raspberry pi,groundcontrol,jondot,769,48,46,8,0,0,[],Manage and monitor your Raspberry Pi with ease,http://jondot.github.io/groundcontrol,52,2,0,0,1,MIT,https://github.com/jondot/groundcontrol
64,Raspberry pi,Raspberry-Pi-Looper-synth-drum-thing,otem,767,87,108,5,0,0,[],"My first venture into raspberry pi stuff. Running a custom pure data patch I've been working on for a couple years on a Raspberry Pi 3. This project took a couple months and I'm still tweaking stuff here and there but it's pretty much complete, it even survived it's first live show!",,15,1,0,0,0,Fetching contributors,https://github.com/otem/Raspberry-Pi-Looper-synth-drum-thing
65,Raspberry pi,RaspiBolt,Stadicus,763,245,61,14,1,,"['bitcoin', 'lightning', 'cryptocurrency', 'raspberry-pi']",Bitcoin & Lightning full node on a Raspberry Pi,https://stadicus.github.io/RaspiBolt/,447,7,0,0,4,MIT,https://github.com/Stadicus/RaspiBolt
66,Raspberry pi,RaspberryPiPkg,andreiw,761,151,87,2,0,0,"['uefi', '64-bit', 'rpi3', 'raspberry-pi-3', 'raspberry-pi-uefi', 'windows-10', 'windows-on-arm', 'armv8', 'aarch64', 'arm64', 'arm', 'firmware', 'rpi', 'freebsd', 'arm-linux', 'ubuntu-arm', 'opensuse', 'win10', 'raspberrypi']",DEPRECATED - DO NOT USE | Go here instead ->,https://github.com/tianocore/edk2-pla‚Ä¶,189,1,0,0,6,Fetching contributors,https://github.com/andreiw/RaspberryPiPkg
67,Raspberry pi,PiR.tv,d0nd3r3k,747,223,94,3,1,0,[],Pirate TV on the the Raspberry PI,http://blog.donaldderek.com/2013/06/b‚Ä¶,54,2,0,0,0,Fetching contributors,https://github.com/d0nd3r3k/PiR.tv
68,Raspberry pi,chilipie-kiosk,futurice,738,101,44,19,3,0,"['raspberry-pi', 'kiosk-mode', 'dashboard']","Easy-to-use Raspberry Pi image for booting directly into full-screen Chrome, with built-in convenience features for unattended operation. Perfect for dashboards and build monitors.",,118,4,0,0,12,MIT,https://github.com/futurice/chilipie-kiosk
69,Raspberry pi,pigpio,joan2937,736,235,65,18,6,0,[],pigpio is a C library for the Raspberry which allows control of the General Purpose Input Outputs (GPIO).,,271,4,0,0,10,Unlicense,https://github.com/joan2937/pigpio
70,Raspberry pi,self_driving_pi_car,felipessalvatore,733,63,29,0,0,0,"['raspberry-pi', 'tensorflow', 'self-driving-car', 'dfn', 'cnn', 'nxt-python']","A deep neural network based self-driving car, that combines Lego Mindstorms NXT with the computational power of a Raspberry Pi 3.",,246,3,0,0,0,MIT,https://github.com/felipessalvatore/self_driving_pi_car
71,Raspberry pi,pi-gpio,rakeshpai,719,131,51,18,3,0,[],A simple node.js-based GPIO helper for the Raspberry Pi,,42,2,0,0,0,MIT,https://github.com/rakeshpai/pi-gpio
72,Raspberry pi,farmbot_os,FarmBot,711,217,69,26,2,0,"['farmbot', 'nerves', 'elixir']",The operating system and all related software that runs on FarmBot's Raspberry Pi.,,"5,186",14,0,0,280,MIT,https://github.com/FarmBot/farmbot_os
73,Raspberry pi,k8s-on-raspbian,teamserverless,707,105,38,3,1,,"['kubernetes', 'kubernetes-cluster', 'k8s', 'devops', 'cka', 'ckad', 'serverless', 'faas', 'cloud', 'bare-metal', 'raspberry-pi']",Kubernetes on Raspbian (Raspberry Pi),https://blog.alexellis.io/build-your-‚Ä¶,34,1,0,0,1,MIT,https://github.com/teamserverless/k8s-on-raspbian
74,Raspberry pi,pi64,bamarni,703,136,67,50,3,0,"['linux-distribution', 'debian', 'raspberry-pi-3', 'linux-kernel', '64-bit', 'linux', 'os', 'raspberrypi']",A 64-bit OS for the Raspberry Pi 3,,85,4,0,0,7,Fetching contributors,https://github.com/bamarni/pi64
75,Raspberry pi,pi_piper,jwhitehorn,703,74,48,30,3,0,[],Event driven Raspberry Pi GPIO programming in Ruby,,277,4,0,0,4,BSD-2-Clause,https://github.com/jwhitehorn/pi_piper
76,Raspberry pi,WOA-Deployer-Rpi,WOA-Project,698,95,57,18,1,0,"['raspberry-pi', 'windows', 'windows-on-arm', 'arm', 'aarch64', 'deployer']",WOA Deployer for Raspberry Pi,https://pi64.win/,52,1,0,0,3,MIT,https://github.com/WOA-Project/WOA-Deployer-Rpi
77,Raspberry pi,OpenVPN-Setup,StarshipEngineer,690,136,69,41,5,0,[],Shell script to set up Raspberry Pi (TM) as an OpenVPN server,,139,3,0,0,1,Fetching contributors,https://github.com/StarshipEngineer/OpenVPN-Setup
78,Raspberry pi,PiAUISuite,StevenHickson,684,220,92,70,7,0,[],Raspberry PI AUI Suite,,96,1,0,0,0,GPL-3.0,https://github.com/StevenHickson/PiAUISuite
79,Raspberry pi,fbcp-ili9341,juj,683,85,51,41,5,0,[],"A blazing fast display driver for SPI-based LCD displays for Raspberry Pi A, B, 2, 3 and Zero",,335,7,0,0,0,MIT,https://github.com/juj/fbcp-ili9341
80,Raspberry pi,SweetSecurity,TravisFSmith,676,182,96,36,3,0,[],Network Security Monitoring on Raspberry Pi type devices,,99,2,0,0,0,Apache-2.0,https://github.com/TravisFSmith/SweetSecurity
81,Raspberry pi,node-rpio,jperkin,669,89,40,24,2,0,[],Raspberry Pi GPIO library for node.js,,219,3,0,0,16,Fetching contributors,https://github.com/jperkin/node-rpio
82,Raspberry pi,py-videocore,nineties,661,66,75,4,1,0,[],Python library for GPGPU on Raspberry Pi,,378,3,0,0,0,MIT,https://github.com/nineties/py-videocore
83,Raspberry pi,self_drive,Timthony,646,182,42,0,0,,"['tensorflow', 'raspberry-pi', 'self-driving-car']",Âü∫‰∫éÊ†ëËéìÊ¥æÁöÑËá™Âä®È©æÈ©∂Â∞èËΩ¶ÔºåÂà©Áî®Ê†ëËéìÊ¥æÂíåtensorflowÂÆûÁé∞Â∞èËΩ¶Âú®ËµõÈÅìÁöÑËá™Âä®È©æÈ©∂„ÄÇÔºàSelf-driving car based on raspberry piÔºàtensorflowÔºâÔºâ,,38,1,0,0,0,Fetching contributors,https://github.com/Timthony/self_drive
84,Raspberry pi,sitewhere,sitewhere,644,292,85,45,0,1,"['sitewhere', 'internet-of-things', 'integration', 'device-management', 'iot', 'iot-platform', 'platform', 'mqtt', 'iot-framework', 'java', 'arduino', 'raspberry-pi', 'android', 'open-source', 'aws', 'kafka', 'zookeeper', 'microservices', 'kubernetes', 'helm']","SiteWhere is an industrial strength open-source application enablement platform for the Internet of Things (IoT). It provides a multi-tenant microservice-based infrastructure that includes device/asset management, data ingestion, big-data storage, and integration through a modern, scalable architecture. SiteWhere provides REST APIs for all syste‚Ä¶",https://sitewhere.io,"2,433",55,0,0,39,View license,https://github.com/sitewhere/sitewhere
85,Raspberry pi,rpi-firmware,Hexxeh,637,119,153,17,0,0,[],Firmware files for the Raspberry Pi,,892,3,0,0,0,View license,https://github.com/Hexxeh/rpi-firmware
86,Raspberry pi,raspberry-pi-turnkey,schollz,634,72,36,7,1,0,"['raspberry-pi', 'raspbian', 'wifi-hotspot', 'instructions']",How to make a Raspberry Pi image that can be deployed anywhere and assigned to a WiFi network without SSH üëå,,74,1,0,0,4,MIT,https://github.com/schollz/raspberry-pi-turnkey
87,Raspberry pi,chromium_os-raspberry_pi,FydeOS,629,82,51,21,0,0,"['chromium-os', 'chrome-os', 'raspberry-pi', 'raspberry-pi-3', 'chromium', 'operating-system', 'linux-distribution', 'linux', 'boot-raspberry-pi', 'overlay', 'raspberry-pi-3b', 'disk-image', 'chromeos', 'chromiumos', 'fydeos', 'flintos', 'flint-os']",Build your Chromium OS for Raspberry Pi 3B/3B+/4B,https://chromiumos.io,34,1,0,0,8,BSD-2-Clause,https://github.com/FydeOS/chromium_os-raspberry_pi
88,Raspberry pi,pigpio,fivdi,626,65,28,1,0,0,"['gpio', 'pwm', 'servo', 'motor', 'interrupt', 'hc-sr04', 'raspberry-pi', 'javascript', 'nodejs', 'iot']","Fast GPIO, PWM, servo control, state change notification and interrupt handling with Node.js on the Raspberry Pi",,282,2,0,0,43,MIT,https://github.com/fivdi/pigpio
89,Raspberry pi,RaspberryCast,vincelwt,622,124,51,36,2,0,"['raspberry-pi', 'android', 'chrome-extension', 'cast-videos', 'firefox-extension', 'youtube', 'video', 'vimeo']",üì∫ Transform your Raspberry Pi into a streaming device. Videos can be sent from mobile devices or computers (Chrome extension).,,290,4,0,0,0,MIT,https://github.com/vincelwt/RaspberryCast
90,Raspberry pi,raspberrypiwireguard,adrianmihalko,617,67,35,16,3,0,"['raspberry-pi', 'wireguard', 'vpn']",Install and configure WireGuard on Raspberry Pi (and others),,56,1,0,0,0,Fetching contributors,https://github.com/adrianmihalko/raspberrypiwireguard
91,Raspberry pi,RasPlex,RasPlex,615,80,110,113,0,0,[],Rasplex is a community driven port of Plex Home Theater for the Raspberry Pi,,28,1,0,0,30,"3
    
    contributors",https://github.com/RasPlex/RasPlex
92,Raspberry pi,freeswitch,signalwire,613,276,72,139,58,,"['freeswitch', 'signalwire', 'open-source', 'source-code', 'voip', 'webrtc', 'telephony', 'sip', 'iot']","FreeSWITCH is a Software Defined Telecom Stack enabling the digital transformation from proprietary telecom switches to a versatile software implementation that runs on any commodity hardware. From a Raspberry PI to a multi-core server, FreeSWITCH can unlock the telecommunications potential of any device.",https://freeswitch.com/#getting-started,"34,542",13,0,0,138,Fetching contributors,https://github.com/signalwire/freeswitch
93,Raspberry pi,AlexaPiDEPRECATED,alexa-pi,598,461,81,4,1,0,[],DEPRECATED - Use https://github.com/alexa-pi/AlexaPi instead ...Turn a Raspberry Pi into an Alexa Client,https://github.com/alexa-pi/AlexaPi,45,3,0,0,0,MIT,https://github.com/alexa-pi/AlexaPiDEPRECATED
94,Raspberry pi,RaspberryWechatPi,mcdona1d,597,196,65,1,0,0,[],Âü∫‰∫éÊ†ëËéìÊ¥æÁöÑÊô∫ËÉΩÂÆ∂Â±ÖÊéßÂà∂Âπ≥Âè∞ ÂæÆ‰ø°ÊúçÂä°Á´Ø ÂèëÂ∏ÉÁâà,https://mcdona1d.me/2015/05/05/pao-za‚Ä¶,9,1,0,0,0,Fetching contributors,https://github.com/mcdona1d/RaspberryWechatPi
95,Raspberry pi,gmrender-resurrect,hzeller,586,173,63,84,4,0,[],"Resource efficient UPnP/DLNA renderer, optimal for Raspberry Pi, CuBox or a general MediaServer. Fork of GMediaRenderer to add some features to make it usable.",,331,3,0,0,1,GPL-2.0,https://github.com/hzeller/gmrender-resurrect
96,Raspberry pi,enclosure-picroft,MycroftAI,576,138,95,10,2,0,"['raspberry-pi', 'raspberry-pi-3', 'raspbian', 'rpi', 'rpi3', 'picroft', 'mycroft', 'personal-assistant', 'machine-learning', 'opensource', 'open-source', 'artificial-intelligence']",Mycroft interface for Raspberry Pi environment,https://mycroft.ai/documentation/picroft,143,9,0,0,0,LGPL-3.0,https://github.com/MycroftAI/enclosure-picroft
97,Raspberry pi,pimatic,pimatic,573,154,76,184,1,0,"['home-automation', 'smarthome', 'pimatic', 'nodejs']",A home automation server and framework for the raspberry pi running on node.js,http://pimatic.org,"1,727",12,0,0,2,GPL-2.0,https://github.com/pimatic/pimatic
98,Raspberry pi,balena-sound,balenalabs,559,99,22,32,4,,"['balena', 'balenacloud', 'raspberry-pi', 'raspberrypi', 'bluetooth-audio', 'bluetooth', 'airplay', 'spotify-connect', 'audio', 'bluetooth-devices', 'multi-room', 'snapcast']","Build a single or multi-room streamer for an existing audio device using a Raspberry Pi! Supports Bluetooth, Airplay and Spotify Connect",,235,19,0,0,59,Apache-2.0,https://github.com/balenalabs/balena-sound
99,Raspberry pi,diy-ipmi,Fmstrat,553,63,50,26,1,0,"['ipmi', 'raspberrypi', 'raspberry-pi']",A DIY IPMI / IP KVM system utilizing the Raspberry Pi,,62,3,0,0,1,Fetching contributors,https://github.com/Fmstrat/diy-ipmi
0,Arduino,johnny-five,rwaldron,11.4k,1.7k,466,44,10,0,"['javascript', 'arduino', 'tessel', 'raspberry-pi', 'chip', 'photon', 'pcduino', 'gpio', 'i2c', 'adc', 'dac', 'pwm', 'spi', 'serial', '1-wire', 'bluetooth', 'iot', 'robotics', 'beaglebone-black', 'intel']","JavaScript Robotics and IoT programming framework, developed at Bocoup.",http://johnny-five.io,"3,318",14,0,0,91,View license,https://github.com/rwaldron/johnny-five
1,Arduino,Arduino,esp8266,11.2k,9.4k,922,243,79,3,[],ESP8266 core for Arduino,,"3,626",13,0,0,26,LGPL-2.1,https://github.com/esp8266/Arduino
2,Arduino,Tasmota,arendst,10.4k,2.4k,559,26,6,2,"['tasmota', 'firmware', 'esp8266', 'sonoff', 'tuya', 'knx', 'arduino', 'iot', 'mqtt', 'ota', 'automation', 'smart-home']","Alternative firmware for ESP8266 with easy configuration using webUI, OTA updates, automation using timers or rules, expandability and entirely local control over MQTT, HTTP, Serial or KNX. Full documentation at",https://tasmota.github.io/docs,"6,490",4,0,0,78,GPL-3.0,https://github.com/arendst/Tasmota
3,Arduino,Arduino,arduino,10.1k,6.7k,1k,812,111,,[],open-source electronics platform,http://www.arduino.cc/,"7,221",5,0,0,85,View license,https://github.com/arduino/Arduino
4,Arduino,Marlin,MarlinFirmware,7.2k,9.4k,788,646,46,1,"['reprap', 'arduino', '3d-printing', 'firmware', 'avr', 'atmel', 'stmicro', 'esp32']",Optimized firmware for RepRap 3D printers based on the Arduino platform.,http://marlinfw.org,"14,367",7,0,0,37,GPL-3.0,https://github.com/MarlinFirmware/Marlin
5,Arduino,esp8266_deauther,spacehuhn,6.5k,1.6k,438,68,7,,"['wifi', 'arduino', 'attack', 'esp8266', 'deauth', 'hack', 'deauther', 'board', 'scanning']",Cheap WiFi hacks,http://deauther.com,604,5,0,0,12,View license,https://github.com/spacehuhn/esp8266_deauther
6,Arduino,gobot,hybridgroup,6.4k,807,326,119,16,0,"['robotics', 'iot', 'drone', 'go', 'robot', 'uav', 'arduino', 'raspberry-pi', 'beaglebone', 'beaglebone-black', 'intel-joule', 'sphero', 'bluetooth', 'gpio', 'i2c', 'internet-of-things', 'intel-edison', 'hardware', 'mqtt', 'bluetooth-le']","Golang framework for robotics, drones, and the Internet of Things (IoT)",https://gobot.io,"2,639",8,0,0,43,Apache-2.0,https://github.com/hybridgroup/gobot
7,Arduino,lowlevelprogramming-university,gurugio,6.1k,428,269,0,0,0,"['linux-kernel-hacking', 'c-programming', 'hardware', 'embedded-systems', 'programming-language', 'low-level-programming', 'assembly-language-programming', 'linux-kernel', 'low-level', 'assembly', 'arduino', 'system-programming', 'firmware']",How to be low-level programmer,,163,1,0,0,0,GPL-3.0,https://github.com/gurugio/lowlevelprogramming-university
8,Arduino,tinygo,tinygo-org,6.1k,281,130,72,40,,"['golang', 'microcontroller', 'tinygo', 'llvm', 'wasm', 'webassembly', 'arduino', 'arm', 'microbit', 'samd21', 'stm32', 'nrf51', 'nrf52', 'nrf52840', 'circuitplayground-express', 'avr', 'i2c', 'spi', 'gpio', 'adafruit']","Go compiler for small places. Microcontrollers, WebAssembly, and command-line tools. Based on LLVM.",https://tinygo.org,"1,483",46,0,0,15,View license,https://github.com/tinygo-org/tinygo
9,Arduino,arduino-esp32,espressif,4.7k,2.9k,416,195,85,1,"['arduino', 'esp-idf', 'platformio', 'esp32']",Arduino core for the ESP32,,"1,066",6,0,0,19,LGPL-2.1,https://github.com/espressif/arduino-esp32
10,Arduino,ArduinoJson,bblanchon,4.4k,836,201,16,0,,"['arduino', 'c-plus-plus', 'iot', 'embedded', 'arduino-library', 'json', 'esp8266']",üìü JSON library for Arduino and embedded C++. Simple and efficient.,https://arduinojson.org,"1,269",3,0,0,101,MIT,https://github.com/bblanchon/ArduinoJson
11,Arduino,platformio-core,platformio,4k,506,168,104,2,2,"['iot', 'embedded', 'arduino', 'mbed', 'esp8266', 'esp32', 'fpga', 'firmware', 'avr', 'arm', 'platformio', 'ide', 'unit-testing', 'hardware', 'verilog', 'python', 'microcontroller', 'debug', 'risc-v']",PlatformIO is a new generation ecosystem for embedded development üëΩ A place where Developers and Teams have true Freedom! No more hardware or software lock-ins!,https://platformio.org,"4,764",10,0,0,97,Apache-2.0,https://github.com/platformio/platformio-core
12,Arduino,WiFiManager,tzapu,3.9k,1.2k,226,322,38,0,"['esp8266', 'configuration-portal', 'wifimanager', 'arduino', 'captive']",ESP8266 WiFi Connection manager with web captive portal,http://tzapu.com/esp8266-wifi-connect‚Ä¶,264,8,0,0,17,MIT,https://github.com/tzapu/WiFiManager
13,Arduino,FastLED,FastLED,3.7k,982,335,149,25,0,[],"The FastLED library for colored LED animation on Arduino. Please direct questions/requests for help to the FastLED Reddit community: http://fastled.io/r We'd like to use github ""issues"" just for tracking library bugs / enhancements.",http://fastled.io/r,"1,298",9,0,0,29,MIT,https://github.com/FastLED/FastLED
14,Arduino,cylon,hybridgroup,3.7k,350,205,42,2,0,"['javascript', 'arduino', 'beaglebone-black', 'raspberry-pi', 'gpio', 'i2c', 'sphero', 'chip', 'iot', 'internet-of-things', 'intel-joule', 'intel-edison', 'bluetooth-low-energy', 'robotics', 'drones']","JavaScript framework for robotics, drones, and the Internet of Things (IoT)",https://cylonjs.com,"1,324",3,0,0,44,View license,https://github.com/hybridgroup/cylon
15,Arduino,grbl,grbl,3.6k,2.2k,587,334,13,0,[],"An open source, embedded, high performance g-code-parser and CNC milling controller written in optimized C that will run on a straight Arduino",https://github.com/gnea/grbl/wiki,637,4,0,0,0,View license,https://github.com/grbl/grbl
16,Arduino,Arduino-IRremote,z3t0,2.9k,1.4k,232,213,75,3,[],Infrared remote library for Arduino: send and receive infrared signals with multiple protocols,http://z3t0.github.io/Arduino-IRremote/,319,18,0,0,6,LGPL-2.1,https://github.com/z3t0/Arduino-IRremote
17,Arduino,i2cdevlib,jrowberg,2.7k,6.5k,393,245,30,0,[],I2C device library collection for AVR/Arduino or other C++-based MCUs,http://www.i2cdevlib.com,537,2,0,0,0,"60
    
    contributors",https://github.com/jrowberg/i2cdevlib
18,Arduino,blynk-library,blynkkk,2.6k,767,235,15,4,0,"['arduino', 'esp8266', 'esp32', 'particle-photon', 'embedded', 'hardware', 'mbed', 'raspberry-pi', 'bluetooth', 'bluetooth-low-energy', 'serialport', 'ethernet-shield', 'gsm', 'ota', 'iot', 'internet-of-things', 'espressif', 'iot-platform', 'wifi']","Blynk library for embedded hardware. Works with Arduino, ESP8266, Raspberry Pi, Intel Edison/Galileo, LinkIt ONE, Particle Core/Photon, Energia, ARM mbed, etc.",https://www.blynk.cc/,"1,758",1,0,0,31,MIT,https://github.com/blynkkk/blynk-library
19,Arduino,pubsubclient,knolleary,2.5k,1.1k,229,323,39,0,[],A client library for the Arduino Ethernet Shield that provides support for MQTT.,http://pubsubclient.knolleary.net/,188,3,0,0,18,MIT,https://github.com/knolleary/pubsubclient
20,Arduino,usb-serial-for-android,mik3y,2.4k,1k,189,10,0,0,[],"Android USB host serial driver library for CDC, FTDI, Arduino and other devices.",,144,1,0,0,6,LGPL-2.1,https://github.com/mik3y/usb-serial-for-android
21,Arduino,arduino-cli,arduino,2.2k,177,90,61,14,,"['arduino', 'cli', 'command-line', 'bash', 'golang', 'builder', 'arduino-tool', 'cmake']",Arduino command line interface,,"1,408",25,0,0,60,View license,https://github.com/arduino/arduino-cli
22,Arduino,grbl,gnea,2.1k,849,316,183,17,0,[],"An open source, embedded, high performance g-code-parser and CNC milling controller written in optimized C that will run on a straight Arduino",https://github.com/gnea/grbl/wiki,698,1,0,0,8,View license,https://github.com/gnea/grbl
23,Arduino,wasm3,wasm3,2k,75,71,15,3,0,"['wasm', 'interpreter', 'webassembly', 'embedded', 'esp32', 'esp8266', 'risc-v', 'arm', 'arduino', 'blockchain', 'iot', 'scripting', 'edge-computing']",üöÄ The fastest WebAssembly interpreter,,"1,064",1,0,0,3,MIT,https://github.com/wasm3/wasm3
24,Arduino,PJON,gioblu,2k,194,105,43,3,0,"['iot', 'open-source', 'arduino', 'attiny85', 'esp8266', 'teensy', 'raspberry-pi', 'windows', 'network', 'hc-12', 'internet-of-things', 'linux', 'decentralization', 'privacy', 'cpp', 'protocol', 'communication', 'mqtt', 'tcp', 'udp']",With PJON you build networks of devices for free with no need of a cloud service or a centralised platform you don‚Äôt fully control.,,"2,615",1,0,0,31,View license,https://github.com/gioblu/PJON
25,Arduino,Adafruit_NeoPixel,adafruit,2k,907,225,33,23,0,[],"Arduino library for controlling single-wire LED pixels (NeoPixel, WS2812, etc.)",,271,6,0,0,28,LGPL-3.0,https://github.com/adafruit/Adafruit_NeoPixel
26,Arduino,esp-link,jeelabs,1.9k,502,244,156,7,,"['mqtt', 'serial', 'esp-8266', 'esp8266', 'esp8266mqtt', 'serial-bridge']","esp8266 wifi-serial bridge, outbound TCP, and arduino/AVR/LPC/NXP programmer",,716,7,0,0,41,View license,https://github.com/jeelabs/esp-link
27,Arduino,rfid,miguelbalboa,1.8k,1k,166,27,7,1,[],Arduino RFID Library for MFRC522,,466,1,0,0,24,Unlicense,https://github.com/miguelbalboa/rfid
28,Arduino,blynk-server,blynkkk,1.8k,650,168,19,1,0,"['java', 'iot', 'netty', 'blynk-server', 'internet-of-things', 'arduino', 'raspberry-pi', 'mqtt', 'esp8266', 'iot-platform', 'http', 'websockets', 'home-automation', 'ota', 'blynk', 'esp32', 'particle-photon', 'rest-api', 'ssl-certificate', 'hardware']","Blynk is an Internet of Things Platform aimed to simplify building mobile and web applications for the Internet of Things. Easily connect 400+ hardware models like Arduino, ESP8266, ESP32, Raspberry Pi and similar MCUs and drag-n-drop IOT mobile apps for iOS and Android in 5 minutes",https://www.blynk.cc/,"4,832",13,0,0,185,GPL-3.0,https://github.com/blynkkk/blynk-server
29,Arduino,Arduino_STM32,rogerclarkmelbourne,1.8k,912,241,27,17,0,[],"Arduino STM32. Hardware files to support STM32 boards, on Arduino IDE 1.8.x including LeafLabs Maple and other generic STM32F103 boards",,"1,393",29,0,0,2,View license,https://github.com/rogerclarkmelbourne/Arduino_STM32
30,Arduino,Arduino-Makefile,sudar,1.7k,404,101,71,14,0,[],"Makefile for Arduino sketches. It defines the workflows for compiling code, flashing it to Arduino and even communicating through Serial.",http://hardwarefun.com/tutorials/comp‚Ä¶,719,3,0,0,20,LGPL-2.1,https://github.com/sudar/Arduino-Makefile
31,Arduino,OpenMQTTGateway,1technophile,1.6k,338,139,62,1,0,"['mqtt', 'gateway', 'openhab2', 'home-automation', 'home-assistant', 'wemos-d1', 'rcswitch', 'arduino', 'bridge', 'nodemcu', 'ble-beacons', 'esp8266', 'arduino-uno', 'miflora', 'esp32', 'xiaomi', 'ble']","MQTT gateway for ESP8266, ESP32, Sonoff RF Bridge or Arduino with bidirectional 433mhz/315mhz/868mhz, Infrared communications, BLE, beacons detection, mi flora / mi jia / LYWSD02/ Mi Scale compatibility, SMS & LORA.",https://docs.openmqttgateway.com,626,5,0,0,19,GPL-3.0,https://github.com/1technophile/OpenMQTTGateway
32,Arduino,Stino,Robot-Will,1.6k,265,120,86,3,1,[],A Sublime Text Plugin for Arduino,,297,4,0,0,0,View license,https://github.com/Robot-Will/Stino
33,Arduino,audio-reactive-led-strip,scottlawsonbc,1.6k,384,123,114,8,1,"['raspberry-pi', 'music-visualizer', 'python', 'esp8266', 'arduino', 'signal-processing', 'audio-processing']",üéµ üåà Real-time LED strip music visualization using Python and the ESP8266 or Raspberry Pi,,181,5,0,0,0,MIT,https://github.com/scottlawsonbc/audio-reactive-led-strip
34,Arduino,RF24,nRF24,1.5k,714,135,37,5,,"['rf24', 'arduino-library', 'c-plus-plus', 'nrf24l01', 'arduino']",Optimized fork of nRF24L01 for Arduino & Raspberry Pi/Linux Devices,https://tmrh20.github.io/RF24,718,3,0,0,15,GPL-2.0,https://github.com/nRF24/RF24
35,Arduino,nectarjs,NectarJS,1.3k,63,61,0,0,0,"['js', 'arduino', 'raspberry', 'compilation', 'nodejs', 'wasm']",üî± Javascript's God Mode. No VM. No Bytecode. No GC. Just native binaries.,https://nectarjs.com,321,2,0,0,0,AGPL-3.0,https://github.com/NectarJS/nectarjs
36,Arduino,DHT-sensor-library,adafruit,1.3k,1.1k,151,8,11,0,[],"Arduino library for DHT11, DHT22, etc Temperature & Humidity Sensors",https://learn.adafruit.com/dht,117,3,0,0,16,MIT,https://github.com/adafruit/DHT-sensor-library
37,Arduino,IRremoteESP8266,crankyoldgit,1.3k,417,99,2,2,0,[],Infrared remote library for ESP8266: send and receive infrared signals with multiple protocols. Based on: https://github.com/shirriff/Arduino-IRremote/,https://github.com/shirriff/Arduino-IRremote/,691,2,0,0,42,LGPL-2.1,https://github.com/crankyoldgit/IRremoteESP8266
38,Arduino,rc-switch,sui77,1.2k,456,113,144,27,0,[],Arduino lib to operate 433/315Mhz devices like power outlet sockets.,,175,1,0,0,20,"22
    
    contributors",https://github.com/sui77/rc-switch
39,Arduino,WiringPi,WiringPi,1.2k,616,136,13,0,,[],Gordon's Arduino wiring-like WiringPi Library for the Raspberry Pi (Unofficial Mirror for WiringPi bindings),,149,1,0,0,1,LGPL-3.0,https://github.com/WiringPi/WiringPi
40,Arduino,noduino,sbstjn,1.2k,229,112,21,1,0,"['arduino', 'nodejs', 'browser', 'html5', 'websocket', 'serial']",JavaScript and Node.js Framework for controlling Arduino with HTML and WebSockets,http://sbstjn.github.io/noduino/,34,2,0,0,0,Fetching contributors,https://github.com/sbstjn/noduino
41,Arduino,HID,NicoHood,1.2k,230,107,47,9,0,[],Bring enhanced HID functions to your Arduino!,http://www.nicohood.de,418,1,0,0,12,Fetching contributors,https://github.com/NicoHood/HID
42,Arduino,esp8266-oled-ssd1306,ThingPulse,1.2k,416,106,7,5,0,"['i2c', 'spi', 'arduino', 'driver', 'ssd1306', 'esp8266', 'esp32', 'sh1106', 'mbed-os', 'oleddisplay']","Driver for the SSD1306 and SH1106 based 128x64, 128x32, 64x48 pixel OLED display running on ESP8266/ESP32",https://thingpulse.com,313,1,0,0,17,View license,https://github.com/ThingPulse/esp8266-oled-ssd1306
43,Arduino,Sming,SmingHub,1.1k,322,125,90,8,4,"['esp8266', 'espressif', 'iot', 'iot-framework', 'wifi', 'embedded', 'sming', 'ssl-support', 'arduino', 'microcontroller', 'async', 'rboot', 'c-plus-plus', 'internet-of-things']",Sming - Open Source framework for high efficiency native ESP8266 development,http://sminghub.github.io/Sming/,"1,628",6,0,0,38,LGPL-3.0,https://github.com/SmingHub/Sming
44,Arduino,Arduino-PID-Library,br3ttb,1.1k,689,174,41,15,0,[],,,16,1,0,0,2,"3
    
    contributors",https://github.com/br3ttb/Arduino-PID-Library
45,Arduino,homie-esp8266,homieiot,1.1k,252,124,64,3,2,"['mqtt', 'homie', 'iot', 'esp8266', 'arduino', 'framework', 'home-automation']","üí° ESP8266 framework for Homie, a lightweight MQTT convention for the IoT",http://homieiot.github.io/homie-esp8266,623,7,0,0,14,MIT,https://github.com/homieiot/homie-esp8266
46,Arduino,arduino,firmata,1.1k,431,108,73,6,0,[],Firmata firmware for Arduino,,529,11,0,0,19,LGPL-2.1,https://github.com/firmata/arduino
47,Arduino,ino,amperka,1.1k,249,58,129,34,0,[],Command line toolkit for working with Arduino hardware,http://inotool.org,140,2,0,0,0,MIT,https://github.com/amperka/ino
48,Arduino,MySensors,mysensors,1.1k,835,195,97,6,3,"['mysensors', 'iot', 'home-automation', 'arduino', 'samd', 'esp8266', 'raspberry', 'diy', 'stm32f103', 'nrf5x', 'esp32', 'teensyduino']",MySensors library and examples,https://www.mysensors.org,"2,068",3,0,0,17,"85
    
    contributors",https://github.com/mysensors/MySensors
49,Arduino,USB_Host_Shield_2.0,felis,1.1k,556,117,95,9,0,[],Revision 2.0 of USB Host Library for Arduino.,https://chome.nerpa.tech,"1,291",11,0,0,8,Fetching contributors,https://github.com/felis/USB_Host_Shield_2.0
50,Arduino,arduinoWebSockets,Links2004,1.1k,352,78,103,6,0,"['arduino-library', 'websocket-server', 'wss', 'ws', 'websocket', 'websockets', 'websocket-client', 'esp8266', 'esp']",arduinoWebSockets,,308,3,0,0,18,LGPL-2.1,https://github.com/Links2004/arduinoWebSockets
51,Arduino,aREST,marcoschwartz,1k,253,84,96,14,0,[],A RESTful environment for Arduino,http://aREST.io/,314,3,0,0,20,View license,https://github.com/marcoschwartz/aREST
52,Arduino,Arduino,RobTillaart,1k,3.3k,212,5,1,0,[],libs and code,,542,1,0,0,0,MIT,https://github.com/RobTillaart/Arduino
53,Arduino,Adafruit_SSD1306,adafruit,988,652,128,17,14,0,[],Arduino library for SSD1306 monochrome 128x64 and 128x32 OLEDs,http://www.adafruit.com/category/63_98,176,3,0,0,23,View license,https://github.com/adafruit/Adafruit_SSD1306
54,Arduino,Low-Power,rocketscream,982,305,102,22,16,0,[],Low Power Library for Arduino,http://www.rocketscream.com,34,1,0,0,5,Fetching contributors,https://github.com/rocketscream/Low-Power
55,Arduino,duino,ecto,951,233,64,19,16,0,[],üí° Arduino framework for node.js,,171,2,0,0,0,Fetching contributors,https://github.com/ecto/duino
56,Arduino,device-os,particle-iot,943,505,143,127,31,0,"['particle', 'photon', 'electron', 'core', 'arduino', 'c', 'c-plus-plus', 'iot', 'p1', 'argon', 'boron', 'xenon']",Device OS (Firmware) for Particle Devices,https://www.particle.io/,"9,502",290,0,0,145,LGPL-3.0,https://github.com/particle-iot/device-os
57,Arduino,keysweeper,samyk,940,241,109,6,0,0,[],"KeySweeper is a stealthy Arduino-based device, camouflaged as a functioning USB wall charger, that wirelessly and passively sniffs, decrypts, logs and reports back (over GSM) all keystrokes from any Microsoft wireless keyboard in the vicinity.",https://samy.pl/keysweeper/,42,1,0,0,0,"4
    
    contributors",https://github.com/samyk/keysweeper
58,Arduino,TinyGSM,vshymanskyy,930,337,80,44,19,0,"['gprs', 'lte', 'arduino', 'blynk', 'mqtt', 'neoway', 'quectel', 'm590', 'sim800', 'sim900', 'a6', 'a7', 'rest-api', 'ublox', 'sim7000', 'modem', 'esp32', 'esp8266', 'xbee']","A small Arduino library for GSM modules, that just works",,948,1,0,0,21,LGPL-3.0,https://github.com/vshymanskyy/TinyGSM
59,Arduino,u8glib,olikraus,912,259,114,146,4,0,[],Arduino Monochrom Graphics Library for LCDs and OLEDs,https://github.com/olikraus/u8glib/wiki,"1,076",2,0,0,0,View license,https://github.com/olikraus/u8glib
60,Arduino,WS2812FX,kitesurfer1404,905,220,93,5,0,0,"['ws2812', 'led', 'esp8266', 'arduino', 'arduino-library', 'neopixel', 'adafruit-neopixel-library']",WS2812 FX Library for Arduino and ESP8266,,160,2,0,0,20,MIT,https://github.com/kitesurfer1404/WS2812FX
61,Arduino,wifi_ducky,spacehuhn,901,246,61,37,2,0,"['arduino', 'atmega32u4', 'esp8266', 'ducky', 'keytroke', 'injection', 'hack', 'script']","Upload, save and run keystroke injection payloads with an ESP8266 + ATMEGA32U4",,79,1,0,0,2,MIT,https://github.com/spacehuhn/wifi_ducky
62,Arduino,Arduino_Core_STM32,stm32duino,899,383,71,18,7,1,"['arduino', 'stm32f0', 'stm32f1', 'stm32f2', 'stm32f3', 'stm32f4', 'stm32f7', 'stm32l0', 'stm32l1', 'stm32l4', 'nucleo32', 'nucleo64', 'nucleo144', 'discovery', 'stm32h7', 'stm32g0', 'stm32wb', 'stm32g4', 'stm32mp1', 'stm32core']",STM32 core support for Arduino,https://github.com/stm32duino/wiki/wiki,"1,654",1,0,0,24,View license,https://github.com/stm32duino/Arduino_Core_STM32
63,Arduino,EtherCard,njh,868,390,87,35,9,,"['enc28j60', 'arduino', 'ethernet']","EtherCard is an IPv4 driver for the ENC28J60 chip, compatible with Arduino IDE",https://www.aelius.com/njh/ethercard/,415,4,0,0,2,GPL-2.0,https://github.com/njh/EtherCard
64,Arduino,RF24,maniacbug,847,725,147,63,18,0,[],Arduino driver for nRF24L01,http://maniacbug.github.com/RF24,214,6,0,0,0,Fetching contributors,https://github.com/maniacbug/RF24
65,Arduino,aaduino,kanflo,827,70,75,0,0,0,[],An AA sized ISM radio Arduino clone,,18,1,0,0,0,MIT,https://github.com/kanflo/aaduino
66,Arduino,ferret,nakkaya,792,33,39,5,0,0,"['clojure', 'lisp', 'compiler', 'bare-metal', 'microcontroller', 'embedded-systems', 'arduino', 'teensy', 'atmega', 'arm']",Ferret is a free software lisp implementation for real time embedded control systems.,https://ferret-lang.org,"1,644",4,0,0,13,BSD-2-Clause,https://github.com/nakkaya/ferret
67,Arduino,Time,PaulStoffregen,782,479,89,44,22,0,[],Time library for Arduino,http://playground.arduino.cc/code/time,69,1,0,0,3,"17
    
    contributors",https://github.com/PaulStoffregen/Time
68,Arduino,arduino_midi_library,FortySevenEffects,776,163,104,23,3,0,"['arduino-midi-library', 'midi', 'arduino']",MIDI for Arduino,,396,3,0,0,9,MIT,https://github.com/FortySevenEffects/arduino_midi_library
69,Arduino,TFT_eSPI,Bodmer,761,232,76,10,0,0,"['arduino-library', 'tft', 'arduino', 'stm32', 'esp32', 'esp8266', 'tft-displays']","Arduino and PlatformIO IDE compatible TFT library optimised for the STM32, ESP8266 and ESP32 that supports different driver chips",,476,1,0,0,26,View license,https://github.com/Bodmer/TFT_eSPI
70,Arduino,Open-Home-Automation,mertenats,759,159,96,8,1,0,"['mqtt', 'home-assistant', 'esp8266', 'home-automation', 'sonoff', 'diy', 'domotic', 'esp32', 'home-assistant-config', 'arduino', 'ble', 'nfc']","Open Home Automation with Home Assistant, ESP8266/ESP32 and MQTT",,142,2,0,0,0,MIT,https://github.com/mertenats/Open-Home-Automation
71,Arduino,ATTinyCore,SpenceKonde,758,177,78,11,1,0,"['attiny', 'arduino', 'avr', 'microcontroller']","Arduino core for ATtiny 1634, 828, x313, x4, x41, x5, x61, x7 and x8",,"1,122",22,0,0,35,Fetching contributors,https://github.com/SpenceKonde/ATTinyCore
72,Arduino,ArduinoJoystickLibrary,MHeironimus,742,189,98,49,10,0,"['gamepad', 'arduino-micro', 'arduino-library', 'joystick-library', 'arduino-leonardo']",An Arduino library that adds one or more joysticks to the list of HID devices an Arduino Leonardo or Arduino Micro can support.,,93,5,0,0,0,LGPL-3.0,https://github.com/MHeironimus/ArduinoJoystickLibrary
73,Arduino,firebase-arduino,FirebaseExtended,740,370,75,143,12,0,[],Arduino samples for Firebase.,,563,21,0,0,4,Apache-2.0,https://github.com/FirebaseExtended/firebase-arduino
74,Arduino,Webduino,sirleech,736,270,109,17,3,0,[],Arduino WebServer library,,133,2,0,0,0,Fetching contributors,https://github.com/sirleech/Webduino
75,Arduino,LED_CUBE,VectStudio,725,282,106,1,0,0,[],8x8x8 LED cube powered by an arduino,,17,1,0,0,1,MIT,https://github.com/VectStudio/LED_CUBE
76,Arduino,ESP3D,luc-github,708,196,86,13,0,1,"['arduino', 'esp8266', 'esp32', '3d-printer', 'firmware', 'repetier', 'wifi', 'esp8285', 'marlin', 'smoothieware']",FW for ESP8266/ESP8285/ESP32 used with 3D printer,,529,6,0,0,11,"6
    
    contributors",https://github.com/luc-github/ESP3D
77,Arduino,433Utils,ninjablocks,706,315,92,32,6,0,[],433Kit is a collection of code and documentation designed to assist you in the connection and usage of RF 433MHz transmit and receive modules to/with your Arduino and Rapberry Pi.,http://ninjablocks.com,64,2,0,0,0,MIT,https://github.com/ninjablocks/433Utils
78,Arduino,NeoPixelBus,Makuna,703,155,57,20,2,0,"['neopixels', 'arduino', 'led-controlling', 'led-strips', 'rgb-led', 'ws2812', 'ws2812b', 'sk6812', 'ws2813', 'esp8266-arduino', 'esp32-arduino', 'wire-protocol-rgb', 'apa106', 'apa102', 'ws2811', 'dotstar', 'dotstar-leds', 'lpd8806', 'rgbw-leds', 'nano-33-ble']",Adafruit enhanced NeoPixel support library,,228,5,0,0,45,LGPL-3.0,https://github.com/Makuna/NeoPixelBus
79,Arduino,Wi-PWN,samdenty,695,204,68,10,2,3,"['wifi', 'arduino', 'attack', 'esp8266', 'deauth', 'hack', 'probe', 'beacon', 'board', 'material-design', 'material-ui', 'material-theme']",ESP8266 Deauther ‚Äãwith a material design WebUI üì∂,https://wi-pwn.samdd.me/?demo,278,3,0,0,17,View license,https://github.com/samdenty/Wi-PWN
80,Arduino,arduino-LoRa,sandeepmistry,694,311,81,84,11,0,[],An Arduino library for sending and receiving data using LoRa radios.,,98,3,0,0,13,MIT,https://github.com/sandeepmistry/arduino-LoRa
81,Arduino,esp8266-weather-station,ThingPulse,694,251,89,4,4,0,"['weather-station', 'thingpulse', 'esp8266', 'openweathermap', 'openweathermap-client', 'openweathermap-api', 'weather-information', 'arduino', 'arduino-library']","ESP8266 Weather Station library supporting OpenWeatherMap, Aeris and other sources",,266,2,0,0,28,MIT,https://github.com/ThingPulse/esp8266-weather-station
82,Arduino,paper-signals,googlecreativelab,693,104,51,10,4,0,['arduino'],Build your own voice controlled object.,https://g.co/papersignals,22,1,0,0,0,Apache-2.0,https://github.com/googlecreativelab/paper-signals
83,Arduino,vscode-arduino,microsoft,692,116,66,93,11,0,[],Visual Studio Code extension for Arduino,,538,3,0,0,77,View license,https://github.com/microsoft/vscode-arduino
84,Arduino,MPU9250,kriswiner,685,387,85,328,4,0,"['mpu9250', 'sensor-fusion']",Arduino sketches for MPU9250 9DoF with AHRS sensor fusion,,128,1,0,0,0,Fetching contributors,https://github.com/kriswiner/MPU9250
85,Arduino,ArduinoThread,ivanseidel,682,157,74,9,4,0,"['arduino', 'arduino-library']",‚è≥ A simple way to run Threads on Arduino,,69,1,0,0,6,MIT,https://github.com/ivanseidel/ArduinoThread
86,Arduino,Repetier-Firmware,repetier,677,725,164,294,18,0,[],Firmware for Arduino based RepRap 3D printer.,,999,4,0,0,10,"37
    
    contributors",https://github.com/repetier/Repetier-Firmware
87,Arduino,ESP8266Audio,earlephilhower,673,163,50,90,5,0,"['arduino', 'esp8266', 'mod', 'wav', 'mp3', 'dac', 'i2s', 'flac', 'midi', 'aac', 'soundfont2', 'sf2', 'esp32', 'rtttl']","Arduino library to play MOD, WAV, FLAC, MIDI, RTTTL, MP3, and AAC files on I2S DACs or with a software emulated delta-sigma DAC on the ESP8266 and ESP32",,199,2,0,0,0,GPL-3.0,https://github.com/earlephilhower/ESP8266Audio
88,Arduino,Arduino-Temperature-Control-Library,milesburton,669,376,81,12,4,0,[],Arduino plug and go library for the Maxim (previously Dallas) DS18B20 (and similar) temperature ICs,https://milesburton.com/Dallas_Temper‚Ä¶,155,3,0,0,6,"25
    
    contributors",https://github.com/milesburton/Arduino-Temperature-Control-Library
89,Arduino,optiboot,Optiboot,667,275,82,40,7,0,[],Small and Fast Bootloader for Arduino and other Atmel AVR chips,,219,2,0,0,7,View license,https://github.com/Optiboot/optiboot
90,Arduino,Adafruit_Sensor,adafruit,656,526,95,4,0,0,"['arduino', 'library', 'sensor']",Common sensor library,,74,2,0,0,7,Apache-2.0,https://github.com/adafruit/Adafruit_Sensor
91,Arduino,ArduinoOBD,stanleyhuangyc,645,428,166,43,8,0,[],OBD-II library and sketches for Arduino,http://freematics.com,452,1,0,0,0,Fetching contributors,https://github.com/stanleyhuangyc/ArduinoOBD
92,Arduino,sitewhere,sitewhere,644,292,85,45,0,1,"['sitewhere', 'internet-of-things', 'integration', 'device-management', 'iot', 'iot-platform', 'platform', 'mqtt', 'iot-framework', 'java', 'arduino', 'raspberry-pi', 'android', 'open-source', 'aws', 'kafka', 'zookeeper', 'microservices', 'kubernetes', 'helm']","SiteWhere is an industrial strength open-source application enablement platform for the Internet of Things (IoT). It provides a multi-tenant microservice-based infrastructure that includes device/asset management, data ingestion, big-data storage, and integration through a modern, scalable architecture. SiteWhere provides REST APIs for all syste‚Ä¶",https://sitewhere.io,"2,433",55,0,0,39,View license,https://github.com/sitewhere/sitewhere
93,Arduino,Sonoff-MQTT-OTA-Arduino,arendst,611,196,129,52,3,0,[],"Provide ESP8266 based itead Sonoff with Web, MQTT and OTA firmware using Arduino IDE - Now EOL",,224,1,0,0,4,Fetching contributors,https://github.com/arendst/Sonoff-MQTT-OTA-Arduino
94,Arduino,arduino-lmic,matthijskooijman,600,479,96,153,20,0,[],"LoraWAN-in-C library, adapted to run under the Arduino environment",,104,1,0,0,4,Fetching contributors,https://github.com/matthijskooijman/arduino-lmic
95,Arduino,ESP32-Paxcounter,cyberman54,599,189,52,24,0,,"['wifi', 'ttgo', 'lopy', 'heltec', 'ttn', 'lorawan', 'lora', 'thethingsnetwork', 'esp32', 'platformio', 'macaddr', 'sniffing', 'hackster', 'bme680', 'gps', 'gps-tracker', 'gps-tracking', 'pycom', 'arduino', 'dcf77']",Wifi & BLE driven passenger flow metering with cheap ESP32 boards,,"2,333",4,0,0,52,View license,https://github.com/cyberman54/ESP32-Paxcounter
96,Arduino,attiny,damellis,587,191,84,29,6,0,[],ATtiny microcontroller support for the Arduino IDE,,49,4,0,0,0,"7
    
    contributors",https://github.com/damellis/attiny
97,Arduino,arduino-mqtt,256dpi,583,159,52,19,2,0,"['arduino', 'mqtt', 'iot']",MQTT library for Arduino,,515,1,0,0,46,MIT,https://github.com/256dpi/arduino-mqtt
98,Arduino,Brutal,Screetsec,580,193,70,1,2,0,"['usb', 'rubberducky', 'penetration', 'penetration-testing', 'hacker', 'hacking', 'powershell-attack', 'payload', 'arduino', 'badusb', 'teensy', 'arduino-library']","Payload for teensy like a rubber ducky but the syntax is different. this Human interfaes device ( HID attacks ). Penetration With Teensy . Brutal is a toolkit to quickly create various payload,powershell attack , virus attack and launch listener for a Human Interface Device ( Payload Teensy )",,69,1,0,0,0,GPL-3.0,https://github.com/Screetsec/Brutal
99,Arduino,wrmhl,relativty,562,53,38,13,2,0,"['arduino', 'unity', 'hardware-libraries', 'hardware', 'threading', 'threadsafe', 'iot', 'iot-framework']",‚ö°Ô∏è Super fast communication beetwen Unity3D and Arduino. Create Interactive experiences in a minute ‚è±,,38,2,0,0,1,MIT,https://github.com/relativty/wrmhl
0,sensor,howmanypeoplearearound,schollz,6.2k,342,165,18,3,0,"['tshark', 'wifi', 'location', 'sensor']",Count the number of people around you üë®‚Äçüë®‚Äçüë¶ by monitoring wifi signals üì°,,122,2,0,0,15,MIT,https://github.com/schollz/howmanypeoplearearound
1,sensor,BossSensor,Hironsan,5.9k,1.1k,280,24,0,0,"['machine-learning', 'cnn', 'deep-learning', 'opencv', 'computer-vision']",Hide screen when boss is approaching.,http://ahogrammer.com/2016/11/15/deep‚Ä¶,61,1,0,0,0,MIT,https://github.com/Hironsan/BossSensor
2,sensor,haven,guardianproject,5.8k,704,292,117,4,2,"['sensor', 'device-sensors', 'monitoring-service', 'prototype-android-application', 'android']","Haven is for people who need a way to protect their personal spaces and possessions without compromising their own privacy, through an Android app and on-device sensors",https://guardianproject.github.io/haven/,879,8,0,0,44,GPL-3.0,https://github.com/guardianproject/haven
3,sensor,cartographer,cartographer-project,4.9k,1.6k,386,157,17,1,"['slam', 'mapping', 'localization', 'robotics', 'self-driving']",Cartographer is a system that provides real-time simultaneous localization and mapping (SLAM) in 2D and 3D across multiple platforms and sensor configurations.,,"1,090",16,0,0,5,Apache-2.0,https://github.com/cartographer-project/cartographer
4,sensor,maltrail,stamparm,3.6k,697,215,65,32,0,"['security', 'malware', 'intrusion-detection', 'sensor', 'heuristics', 'python', 'network-monitoring']",Malicious traffic detection system,,"28,512",1,0,0,10,MIT,https://github.com/stamparm/maltrail
5,sensor,LSTM-Human-Activity-Recognition,guillaume-chevalier,2.6k,765,153,12,2,0,"['machine-learning', 'deep-learning', 'lstm', 'human-activity-recognition', 'neural-network', 'rnn', 'recurrent-neural-networks', 'tensorflow', 'activity-recognition']",Human Activity Recognition example using TensorFlow on smartphone sensors dataset and an LSTM RNN (Deep Learning algo). Classifying the type of movement amongst six activity categories - Guillaume Chevalier,https://www.neuraxio.com/en/time-seri‚Ä¶,22,1,0,0,0,MIT,https://github.com/guillaume-chevalier/LSTM-Human-Activity-Recognition
6,sensor,sensey,nisrulz,2.5k,255,74,26,1,1,"['android-library', 'detect-gestures', 'gesture-detection', 'sensor', 'shake-detection', 'handwave-detection', 'light-detection', 'android', 'movement-detection', 'chop-detection', 'wrist-twist-detection', 'proximity-sensor', 'wave-detection', 'libraries']",‚ö° [Android Library] Play with sensor events & detect gestures in a breeze.,http://nisrulz.github.io/sensey,203,3,0,0,12,Apache-2.0,https://github.com/nisrulz/sensey
7,sensor,react-visibility-sensor,joshwnj,1.7k,160,21,56,15,0,[],Sensor component for React that notifies you when it goes in or out of the window viewport.,,263,5,0,0,41,MIT,https://github.com/joshwnj/react-visibility-sensor
8,sensor,easydeviceinfo,nisrulz,1.6k,206,50,4,0,1,"['android', 'easydeviceinfo', 'android-library', 'mod', 'device', 'information', 'annotations', 'library', 'details', 'cpu', 'battery', 'bluetooth', 'location', 'nfc', 'memory', 'display', 'identifier', 'network', 'telephony', 'sensor']",üì± [Android Library] Get device information in a super easy way.,,209,3,0,0,17,Apache-2.0,https://github.com/nisrulz/easydeviceinfo
9,sensor,DHT-sensor-library,adafruit,1.3k,1.1k,151,8,11,0,[],"Arduino library for DHT11, DHT22, etc Temperature & Humidity Sensors",https://learn.adafruit.com/dht,117,3,0,0,16,MIT,https://github.com/adafruit/DHT-sensor-library
10,sensor,Pedometer,j4velin,1.3k,651,102,19,2,0,[],Lightweight pedometer app for Android using the hardware step sensor,,487,1,0,0,5,Apache-2.0,https://github.com/j4velin/Pedometer
11,sensor,VINS-Fusion,HKUST-Aerial-Robotics,1.2k,560,101,73,7,0,[],An optimization-based multi-sensor state estimator,,40,1,0,0,0,GPL-3.0,https://github.com/HKUST-Aerial-Robotics/VINS-Fusion
12,sensor,MySensors,mysensors,1.1k,835,195,97,6,3,"['mysensors', 'iot', 'home-automation', 'arduino', 'samd', 'esp8266', 'raspberry', 'diy', 'stm32f103', 'nrf5x', 'esp32', 'teensyduino']",MySensors library and examples,https://www.mysensors.org,"2,068",3,0,0,17,"85
    
    contributors",https://github.com/mysensors/MySensors
13,sensor,Adafruit_Python_DHT,adafruit,951,754,108,0,0,0,[],Python library to read the DHT series of humidity and temperature sensors on a Raspberry Pi or Beaglebone Black.,,77,4,0,0,4,MIT,https://github.com/adafruit/Adafruit_Python_DHT
14,sensor,thingspeak,iobridge,939,306,130,21,10,0,[],"ThingSpeak is an open source ‚ÄúInternet of Things‚Äù application and API to store and retrieve data from things using HTTP over the Internet or via a Local Area Network. With ThingSpeak, you can create sensor logging applications, location tracking applications, and a social network of things with status updates.",https://thingspeak.com,294,5,0,0,0,View license,https://github.com/iobridge/thingspeak
15,sensor,mini-graph-card,kalkih,848,68,24,49,2,0,"['automation', 'home-assistant', 'hassio', 'lovelace', 'lovelace-ui', 'custom', 'graph', 'sensor']",Minimalistic graph card for Home Assistant Lovelace UI,,246,15,0,0,37,MIT,https://github.com/kalkih/mini-graph-card
16,sensor,swatd,defuse,831,45,42,2,0,0,[],Run a script when one or more sensors fail.,,54,1,0,0,0,GPL-3.0,https://github.com/defuse/swatd
17,sensor,EdgeML,microsoft,808,220,66,11,5,0,"['iot-device', 'sensor', 'edge-machine-learning', 'resource-constrained-ml', 'machine-learning-algorithms', 'microsoft-research', 'machine-learning', 'tensorflow', 'deep-learning', 'edge-computing', 'microsoft', 'edge-devices', 'classifier', 'emi-rnn', 'pytorch', 'bonsai', 'protonn', 'fastgrnn', 'cpp', 'fastrnn']",This repository provides code for machine learning algorithms for edge devices developed at Microsoft Research India.,,851,32,0,0,1,View license,https://github.com/microsoft/EdgeML
18,sensor,DIY-Thermocam,maxritter,789,131,120,28,2,0,[],"The DIY-Thermocam is a do-it-yourself infrared camera, based on the FLIR Lepton long-wave infrared sensor and the popular Teensy 3.6.",http://www.diy-thermocam.net,306,1,0,0,0,GPL-3.0,https://github.com/maxritter/DIY-Thermocam
19,sensor,python-broadlink,mjg59,757,315,105,110,6,0,[],"Python module for controlling Broadlink RM2/3 (Pro) remote controls, A1 sensor platforms and SP2/3 smartplugs",,160,2,0,0,6,MIT,https://github.com/mjg59/python-broadlink
20,sensor,user.activity,KrauseFx,741,42,18,0,0,,[],Raising awareness of what you can do with a smartphones gyro sensors in web browsers,https://krausefx.github.io/user.activity,27,1,0,0,0,MIT,https://github.com/KrauseFx/user.activity
21,sensor,DumpsterFire,TryCatchHCF,701,128,48,1,1,0,"['pentesting', 'hacking', 'hacking-tool', 'pentest-tool', 'automation', 'security', 'security-tools', 'infosec', 'pentest', 'red-team', 'blue-team', 'red-teams', 'blue-teams', 'pentest-tools', 'hacking-tools']","""Security Incidents In A Box!"" A modular, menu-driven, cross-platform tool for building customized, time-delayed, distributed security events. Easily create custom event chains for Blue- & Red Team drills and sensor / alert mapping. Red Teams can create decoy incidents, distractions, and lures to support and scale their operations. Build event s‚Ä¶",,157,1,0,0,1,MIT,https://github.com/TryCatchHCF/DumpsterFire
22,sensor,MPU9250,kriswiner,685,387,85,328,4,0,"['mpu9250', 'sensor-fusion']",Arduino sketches for MPU9250 9DoF with AHRS sensor fusion,,128,1,0,0,0,Fetching contributors,https://github.com/kriswiner/MPU9250
23,sensor,LittleD,graemedouglas,661,44,41,9,0,0,[],A relational database for embedded devices and sensors nodes,,14,1,0,0,0,Apache-2.0,https://github.com/graemedouglas/LittleD
24,sensor,vive-diy-position-sensor,ashtuchkin,658,86,70,19,2,0,"['lighthouse', 'position-tracker', 'htc-vive-lighthouse', 'htc-vive', '3d', 'positioning']",Code & schematics for position tracking sensor using HTC Vive's Lighthouse system and a Teensy board.,,68,2,0,0,3,MIT,https://github.com/ashtuchkin/vive-diy-position-sensor
25,sensor,Adafruit_Sensor,adafruit,656,526,95,4,0,0,"['arduino', 'library', 'sensor']",Common sensor library,,74,2,0,0,7,Apache-2.0,https://github.com/adafruit/Adafruit_Sensor
26,sensor,HWSensors,kzlekk,619,126,79,183,1,,[],HWSensors is a software bundle that includes drivers and applications that allow you to access information from hardware sensors available on your Mac,,"1,464",5,0,0,75,"18
    
    contributors",https://github.com/kzlekk/HWSensors
27,sensor,upm,eclipse,615,393,95,52,5,0,"['actuators', 'sensor', 'iot', 'internet-of-things', 'c', 'cpp', 'java', 'python', 'nodejs', 'upm']",UPM is a high level repository that provides software drivers for a wide variety of commonly used sensors and actuators. These software drivers interact with the underlying hardware platform through calls to MRAA APIs.,,"2,147",8,0,0,37,MIT,https://github.com/eclipse/upm
28,sensor,Azure-Kinect-Sensor-SDK,microsoft,592,220,65,100,1,2,"['kinect', 'sdk']",A cross platform (Linux and Windows) user mode SDK to read data from your Azure Kinect device.,,652,14,0,0,68,MIT,https://github.com/microsoft/Azure-Kinect-Sensor-SDK
29,sensor,GSLAM,zdzhaoyong,582,192,49,17,0,1,[],"A General Simultaneous Localization and Mapping Framework which supports feature based or direct method and different sensors including monocular camera, RGB-D sensors or any other input types can be handled.",,60,5,0,0,4,BSD-2-Clause,https://github.com/zdzhaoyong/GSLAM
30,sensor,DoorSignView,renaudcerrato,576,84,18,1,0,0,[],"Customizable, sensor-enabled, door sign custom views for Android.",,34,1,0,0,5,Fetching contributors,https://github.com/renaudcerrato/DoorSignView
31,sensor,react-native-sensors,react-native-sensors,547,155,16,0,9,,"['react-native', 'sensor', 'gyroscope', 'acceleration', 'rxjs', 'magnetometer', 'barometer']",A developer friendly approach for sensors in React Native,https://react-native-sensors.github.io/,302,32,0,0,51,MIT,https://github.com/react-native-sensors/react-native-sensors
32,sensor,RPi-KittyCam,girliemac,538,54,36,1,1,0,[],"Raspberry Pi app using a camera and PIR motion sensor, written in Node.js with Johnny-Five and Kittydar for cat facial detection",https://girliemac.github.io/RPi-Kitty‚Ä¶,35,2,0,0,0,MIT,https://github.com/girliemac/RPi-KittyCam
33,sensor,ethzasl_msf,ethz-asl,528,338,144,56,6,0,[],MSF - Modular framework for multi sensor fusion based on an Extended Kalman Filter (EKF),,648,30,0,0,8,View license,https://github.com/ethz-asl/ethzasl_msf
34,sensor,science-journal-ios,google,520,56,15,30,3,,"['ios', 'swift', 'science', 'education']",Use the sensors in your mobile devices to perform science experiments. Science doesn‚Äôt just happen in the classroom or lab‚Äîtools like Science Journal let you see how the world works with just your phone.,https://sciencejournal.withgoogle.com/,314,13,0,0,0,Apache-2.0,https://github.com/google/science-journal-ios
35,sensor,gast-lib,gast-lib,492,235,86,5,0,0,[],"GAST is a toolkit for using Android's Sensing capabilities. It contains the examples, boiler plate code, and algorithms you need to properly use Android sensors.",,28,4,0,0,1,Apache-2.0,https://github.com/gast-lib/gast-lib
36,sensor,MPU6050,kriswiner,491,146,80,27,1,0,['mpu6050'],Basic MPU6050 Arduino sketch of sensor function,,66,3,0,0,0,Fetching contributors,https://github.com/kriswiner/MPU6050
37,sensor,depth_clustering,PRBonn,455,241,25,5,0,0,"['catkin', 'velodyne-sensor', 'segmentation', 'clustering', 'velodyne', 'real-time', 'fast', 'ros', 'point-cloud', 'depth-image', 'depth', 'range', 'range-image', 'pcl', 'depth-clustering', 'lidar']",üöï Fast and robust clustering of point clouds generated with a Velodyne sensor.,,89,3,0,0,0,GPL-3.0,https://github.com/PRBonn/depth_clustering
38,sensor,science-journal,google,439,135,56,20,1,0,[],Use the sensors in your mobile devices to perform science experiments. Science doesn‚Äôt just happen in the classroom or lab‚Äîtools like Science Journal let you see how the world works with just your phone.,https://sciencejournal.withgoogle.com/,"2,448",2,0,0,6,Apache-2.0,https://github.com/google/science-journal
39,sensor,w1thermsensor,timofurrer,419,102,49,8,1,,"['python', 'w1-therm-sensor', 'temperature', 'sensor', 'beaglebone', 'raspberrypi', 'gpio', 'hardware', 'ds18b20', 'ds18s20', 'linux']","A Python package and CLI tool to work with w1 temperature sensors like DS1822, DS18S20 & DS18B20 on the Raspberry Pi, Beagle Bone and other devices.",,227,4,0,0,25,MIT,https://github.com/timofurrer/w1thermsensor
40,sensor,macchina.io,macchina-io,415,122,75,30,4,0,"['macchina', 'sensor', 'linux', 'embedded-applications', 'iot', 'iot-framework', 'javascript', 'c-plus-plus', 'edge', 'edge-computing', 'fog', 'fog-computing', 'device', 'embedded-linux', 'devices', 'connected-device', 'smart-products']","macchina.io IoT Edge Device SDK is a powerful C++ and JavaScript SDK for edge devices, IoT gateways and connected embedded systems.",https://macchina.io,"1,032",8,0,0,11,Apache-2.0,https://github.com/macchina-io/macchina.io
41,sensor,GrovePi,DexterInd,405,425,71,33,2,0,"['raspberry-pi', 'grove-sensors', 'grovepi', 'grovepi-board', 'iot', 'iot-platform']",GrovePi is an open source platform for connecting Grove Sensors to the Raspberry Pi.,https://www.dexterindustries.com/grov‚Ä¶,"1,082",5,0,0,3,View license,https://github.com/DexterInd/GrovePi
42,sensor,sensors-software,opendata-stuttgart,399,234,65,95,7,1,"['sensor', 'arduino', 'iot', 'iot-device']",sourcecode for reading sensor data,,"1,371",3,0,0,1,Fetching contributors,https://github.com/opendata-stuttgart/sensors-software
43,sensor,LiveScan3D,MarekKowalski,392,143,64,20,1,0,"['kinect', '3d-reconstruction', 'real-time', 'multi-view-geometry']",LiveScan3D is a system designed for real time 3D reconstruction using multiple Kinect v2 depth sensors simultaneously at real time speed.,,53,3,0,0,1,MIT,https://github.com/MarekKowalski/LiveScan3D
44,sensor,librekinect,xxorde,386,66,54,24,2,0,[],Depth data from a kinect sensor! Small and fast kernel driver. Also for embedded devices like the raspberry pi!,,14,1,0,0,0,Fetching contributors,https://github.com/xxorde/librekinect
45,sensor,Sensor,PrimeSense,375,576,53,11,2,0,[],PrimeSensor Modules for OpenNI,http://www.primesense.com,28,2,0,0,17,Apache-2.0,https://github.com/PrimeSense/Sensor
46,sensor,walt,google,371,71,34,20,3,0,[],A device for measuring latency of physical sensors and outputs on phones and computers,,313,1,0,0,9,Apache-2.0,https://github.com/google/walt
47,sensor,razor-9dof-ahrs,Razor-AHRS,368,239,68,50,7,0,[],AHRS Firmware for the SparkFun 9DOF Razor IMU and SparkFun 9DOF Sensor Stick,,66,3,0,0,9,View license,https://github.com/Razor-AHRS/razor-9dof-ahrs
48,sensor,react-native-incall-manager,react-native-webrtc,356,106,17,32,2,0,[],Handling media-routes/sensors/events during a audio/video chat on React Native,,151,4,0,0,26,ISC,https://github.com/react-native-webrtc/react-native-incall-manager
49,sensor,parallaxify,hwthorn,351,85,23,3,0,0,[],parallaxify is a jQuery plugin that adds parallax effects to elements and backgrounds based on gyroscope sensor or mouse input,,25,2,0,0,0,MIT,https://github.com/hwthorn/parallaxify
50,sensor,lm-sensors,lm-sensors,347,144,33,56,12,0,[],lm-sensors repository,https://hwmon.wiki.kernel.org/,"5,279",4,0,0,76,View license,https://github.com/lm-sensors/lm-sensors
51,sensor,Hue-sensors-HASS,robmarkcole,346,79,39,19,3,0,"['home-assistant', 'hue-sensors', 'hue', 'hue-lights']",Custom integration for Hue motion sensors with,https://home-assistant.io/,300,5,0,0,40,Fetching contributors,https://github.com/robmarkcole/Hue-sensors-HASS
52,sensor,rpi-appliance-monitor,Shmoopty,342,47,19,4,0,0,"['raspberry-pi', 'garage-door-opener', 'monitor', 'sensor', 'appliance']","Device to monitor appliances that vibrate, such as clothes dryers or garage door openers",,113,2,0,0,0,MIT,https://github.com/Shmoopty/rpi-appliance-monitor
53,sensor,pi-sensor-free-presence-detector,initialstate,317,52,33,3,0,0,[],Know Who's at the Office with the Raspberry Pi,,7,1,0,0,0,MIT,https://github.com/initialstate/pi-sensor-free-presence-detector
54,sensor,miflora-mqtt-daemon,ThomDietrich,313,79,33,50,1,0,"['xiaomi', 'xiaomi-smart-home', 'miflora', 'python3', 'mqtt', 'mqtt-connector', 'openhab', 'openhab2', 'home-automation', 'home-assistant', 'homie', 'mqtt-smarthome']","Linux service to collect and transfer Xiaomi Mi Flora plant sensor data via MQTT to your smart home system, with cluster support üå±üåºü•Äüè°üå≥",,88,1,0,0,0,MIT,https://github.com/ThomDietrich/miflora-mqtt-daemon
55,sensor,tracking-with-Extended-Kalman-Filter,JunshengFu,307,161,22,5,0,0,"['extended-kalman-filters', 'lidar', 'radar']","Object (e.g Pedestrian, vehicles) tracking by Extended Kalman Filter (EKF), with fused data from both lidar and radar sensors.",,51,1,0,0,0,MIT,https://github.com/JunshengFu/tracking-with-Extended-Kalman-Filter
56,sensor,mastering_ros,qboticslabs,305,228,29,22,0,0,"['robotics-programming', 'ros', 'ros-moveit', 'gazebo', 'tutorial', 'amazon', 'sensor', 'robot-framework', 'robotframework', 'robotics-book', 'ros-book', 'ros-navigation', 'ros-industrial', 'ros-indigo', 'ros-kinetic']","This repository contains exercise files of the book ""Mastering ROS for Robotics Programming""",https://www.packtpub.com/hardware-and‚Ä¶,29,1,0,0,0,Fetching contributors,https://github.com/qboticslabs/mastering_ros
57,sensor,ESP-MQTT-JSON-Multisensor,bruhautomation,301,139,50,31,8,0,"['diy', 'multisensor', 'sensornode', 'homeassistant', 'temperature', 'humidity', 'ota', 'light', 'enclosure', 'photoresistor', 'esp8266', 'nodemcu', 'wifi', 'mqtt', 'json', 'led', 'motion-detector']","(OBSOLETE) ESP MQTT JSON Multisensor for Home Assistant. Supported sensors include the TEMT6000 light, AM312 PIR, DHT22 temperature/humidity sensors. RGB led supports flash, fade, and transition. Over-The-Air (OTA) uploading, too!",https://youtu.be/jpjfVc-9IrQ,41,1,0,0,0,Apache-2.0,https://github.com/bruhautomation/ESP-MQTT-JSON-Multisensor
58,sensor,OSCeleton,Sensebloom,294,72,21,14,3,0,[],"OSCeleton is a proxy that sends skeleton information collected from the kinect sensor via OSC, making it easier to use input from the device in any language / framework that supports the OSC protocol.",,68,1,0,0,4,GPL-3.0,https://github.com/Sensebloom/OSCeleton
59,sensor,iot-433mhz,roccomuso,292,41,33,19,0,0,"['iot', 'arduino', 'alarm', 'telegram-bot', 'node', 'npm', 'domotic', 'raspberry-pi', 'transmitter', 'webhooks', 'iot-433mhz', 'radio-frequency', 'nodejs']","üåê IoT System to control 433 MHz RC power sockets, PIR, Door Sensors and much more.",,355,1,0,0,2,View license,https://github.com/roccomuso/iot-433mhz
60,sensor,konnected-security,konnected-io,291,293,110,13,7,1,"['nodemcu', 'nodemcu-lua', 'smartthings']","Konnected connects wired sensors and switches to SmartThings, Home Assistant, Hubitat and OpenHAB",https://konnected.io,320,14,0,0,29,Apache-2.0,https://github.com/konnected-io/konnected-security
61,sensor,Arduino,iot-playground,290,287,81,3,1,0,[],ESP8266 EasyIoT library and sensor examples,http://iot-playground.com/,47,1,0,0,0,Fetching contributors,https://github.com/iot-playground/Arduino
62,sensor,ironbee,ironbee,278,59,52,6,1,0,[],Universal web application security sensor intended for real-time monitoring and defense.,https://www.ironbee.com/,"7,991",21,0,0,96,View license,https://github.com/ironbee/ironbee
63,sensor,simplebeerservice,awslabs,274,76,96,2,7,0,[],Simple Beer Service (SBS) is a cloud-connected kegerator that streams live sensor data to AWS.,http://www.simplebeerservice.com,62,5,0,0,2,Apache-2.0,https://github.com/awslabs/simplebeerservice
64,sensor,alfred,jinfagang,274,46,10,3,0,0,"['deeplearning', 'video-combiner', 'pytorch', 'segmentation', 'network', '3d-object-detection', 'sensor-fusion']",alfred-py: A deep learning utility library for visualization and sensor fusion purpose,,157,1,0,0,0,View license,https://github.com/jinfagang/alfred
65,sensor,xamarin-fingerprint,smstuebe,270,89,23,50,2,0,"['xamarin', 'xamarin-plugin']",Xamarin and MvvMCross plugin for authenticate a user via fingerprint sensor,,274,4,0,0,30,MS-PL,https://github.com/smstuebe/xamarin-fingerprint
66,sensor,gnss-ins-sim,Aceinna,269,112,28,0,0,0,"['inertial-navigation-systems', 'gnss', 'gps', 'imu', 'integrated-navigation']","Open-source GNSS + inertial navigation, sensor fusion simulator. Motion trajectory generator, sensor models, and navigation",,246,1,0,0,5,MIT,https://github.com/Aceinna/gnss-ins-sim
67,sensor,node-dht-sensor,momenso,263,58,19,2,2,0,[],Node.js Humidity and Temperature sensor addon,,203,3,0,0,4,LGPL-3.0,https://github.com/momenso/node-dht-sensor
68,sensor,HandTracker,FORTH-ModelBasedTracker,257,76,33,7,0,0,[],3D Hand Tracking using input from a depth sensor.,http://cvrlcode.ics.forth.gr/handtrac‚Ä¶,38,3,0,0,0,View license,https://github.com/FORTH-ModelBasedTracker/HandTracker
69,sensor,SIM7000-LTE-Shield,botletics,256,125,40,46,1,0,"['arduino', 'arduino-ide', 'lte', 'cellular', 'iot', 'low-power', 'microcontroller', 'gps', 'gnss', 'nb-iot']",LTE CAT-M/NB-IoT Arduino-compatible shield with GNSS and temperature sensor. Library supports SIMCom 2G/3G/4G LTE/CAT-M/NB-IoT,https://www.botletics.com/products/si‚Ä¶,862,1,0,0,2,GPL-3.0,https://github.com/botletics/SIM7000-LTE-Shield
70,sensor,ethzasl_sensor_fusion,ethz-asl,246,147,70,30,0,0,[],time delay single and multi sensor fusion framework based on an EKF,,64,4,0,0,1,Fetching contributors,https://github.com/ethz-asl/ethzasl_sensor_fusion
71,sensor,miflora,open-homeautomation,245,79,26,6,2,0,[],Mi Flora Plant sensor,,118,2,0,0,11,MIT,https://github.com/open-homeautomation/miflora
72,sensor,CapacitiveSensor,PaulStoffregen,243,95,33,9,3,0,[],Detect touch or proximity by capacitve sensing,http://www.pjrc.com/teensy/td_libs_Ca‚Ä¶,33,1,0,0,4,Fetching contributors,https://github.com/PaulStoffregen/CapacitiveSensor
73,sensor,BME280_driver,BoschSensortec,241,129,43,5,0,,[],"Bosch Sensortec BME280 sensor driver. To report issues, go to https://community.bosch-sensortec.com/t5/Bosch-Sensortec-Community/ct-p/bst_community",https://community.bosch-sensortec.com/t5/Bosch-Sensortec-Community/ct-p/bst_community,33,1,0,0,11,BSD-3-Clause,https://github.com/BoschSensortec/BME280_driver
74,sensor,sensor-visualizer-kit,joeblau,240,9,4,0,0,1,"['ios', 'carthage', 'cocoapods']","Visualize iOS sensors for live presentations, iOS AppStore demos, Apple Store prototypes, design reviews.",,14,1,0,0,4,MIT,https://github.com/joeblau/sensor-visualizer-kit
75,sensor,Adafruit-Fingerprint-Sensor-Library,adafruit,237,232,51,2,3,0,"['arduino', 'sensor', 'library', 'fingerprint']",Arduino library for interfacing to the fingerprint sensor in the Adafruit shop,http://www.adafruit.com/products/751,73,2,0,0,6,View license,https://github.com/adafruit/Adafruit-Fingerprint-Sensor-Library
76,sensor,PlantWateringAlarm,Miceuz,232,62,45,3,0,0,"['kicad', 'soil-moisture', 'avr']",A soil humidity level sensor based on ATTINY44. Uses capacitive sensing.,,59,6,0,0,0,Fetching contributors,https://github.com/Miceuz/PlantWateringAlarm
77,sensor,Fingerprint2Sleep,ztc1997,230,72,23,1,0,,[],Perform quick actions via tap fingerprint sensor.,,142,2,0,0,33,Fetching contributors,https://github.com/ztc1997/Fingerprint2Sleep
78,sensor,Clight,FedeDP,228,14,5,4,2,0,"['daemon', 'c', 'linux', 'webcam', 'capture-frames', 'screen-backlight', 'gamma-correction', 'brightness', 'capture', 'battery', 'systemd']",A C daemon that turns your webcam into a light sensor. It will adjust screen backlight based on ambient brightness.,,659,2,0,0,20,GPL-3.0,https://github.com/FedeDP/Clight
79,sensor,sense-js,ehzhang,220,18,12,0,0,0,"['html5', 'sensor', 'accelerometer', 'gyroscope']",üì± html5 sensor interaction library for mobile,,61,1,0,0,1,MIT,https://github.com/ehzhang/sense-js
80,sensor,STMems_Standard_C_drivers,STMicroelectronics,218,221,50,1,0,,[],"Platform-independent drivers source code for STMicroelectronics MEMS motion and environmental sensors, based on C standard.",,494,1,0,0,3,BSD-3-Clause,https://github.com/STMicroelectronics/STMems_Standard_C_drivers
81,sensor,VeloView,Kitware,218,140,38,47,3,0,"['lidar', 'lidar-camera-calibration', 'lidar-data-manipulation', 'lidar-measurements', 'hdl', 'velodyne-hdl-sensors', 'velodyne', 'velodyne-sensor', 'sensor-streaming', 'sensor-data']","VeloView performs real-time visualization and easy processing of live captured 3D LiDAR data from Velodyne sensors (Alpha Prime‚Ñ¢, Puck‚Ñ¢, Ultra Puck‚Ñ¢, Puck Hi-Res‚Ñ¢, Alpha Puck‚Ñ¢, Puck LITE‚Ñ¢, HDL-32, HDL-64E). Runs on Windows, Linux and MacOS",http://www.paraview.org/VeloView/,"1,653",1,0,0,17,Apache-2.0,https://github.com/Kitware/VeloView
82,sensor,soletta,solettaproject,216,113,61,99,5,1,[],Soletta Project is a framework for making IoT devices. With Soletta Project's libraries developers can easily write software for devices that control actuators/sensors and communicate using standard technologies. It enables adding smartness even on the smallest edge devices.,http://solettaproject.org,"3,086",1,0,0,24,View license,https://github.com/solettaproject/soletta
83,sensor,ha-wyzesense,kevinvincent,213,34,25,45,2,0,[],A Home Assistant Component to interface with the WYZE Sense hub and sensor system,,136,2,0,0,5,Fetching contributors,https://github.com/kevinvincent/ha-wyzesense
84,sensor,lidar_align,ethz-asl,212,96,24,8,1,0,[],A simple method for finding the extrinsic calibration between a 3D lidar and a 6-dof pose sensor,,80,5,0,0,0,Fetching contributors,https://github.com/ethz-asl/lidar_align
85,sensor,node-sensortag,sandeepmistry,211,117,20,8,4,0,[],Node.js lib for the TI SensorTag,,139,1,0,0,24,MIT,https://github.com/sandeepmistry/node-sensortag
86,sensor,SmartIMU,KitSprout,211,149,44,0,0,0,"['stm32', 'c', 'sensors', 'imu']",Inertial Sensor Development KitÔºåSTM32F411C„ÄÅNRF52810„ÄÅMPU9250„ÄÅLPS22HB,,174,1,0,0,3,View license,https://github.com/KitSprout/SmartIMU
87,sensor,Validity91,hmaarrfk,210,17,86,6,0,0,[],Reverse engineering the Validity 138a:0091 fingerprint sensor (Dell XPS 15/13 2016-2017 9X50 and 9X60),,31,1,0,0,0,BSD-3-Clause,https://github.com/hmaarrfk/Validity91
88,sensor,Adafruit_BME280_Library,adafruit,208,210,46,1,7,0,[],Arduino Library for BME280 sensors,,102,4,0,0,14,View license,https://github.com/adafruit/Adafruit_BME280_Library
89,sensor,PulseSensor_Amped_Arduino,WorldFamousElectronics,207,196,40,40,5,0,[],PulseSensor Arduino code for BPM and Processing-Visualizer,,165,1,0,0,0,MIT,https://github.com/WorldFamousElectronics/PulseSensor_Amped_Arduino
90,sensor,FileSensor,Xyntax,206,69,8,0,0,0,"['fuzzing', 'pentesting', 'scrapy', 'crawler']",Dynamic file detection tool based on crawler Âü∫‰∫éÁà¨Ëô´ÁöÑÂä®ÊÄÅÊïèÊÑüÊñá‰ª∂Êé¢ÊµãÂ∑•ÂÖ∑,,9,1,0,0,0,Fetching contributors,https://github.com/Xyntax/FileSensor
91,sensor,NaveGo,rodralez,204,109,35,1,0,0,"['navigation', 'inertial-sensors', 'allan-variance', 'imu', 'gps', 'gnu-octave', 'integrated-navigation', 'matlab-toolbox', 'gnss', 'sensors-simulation', 'navego', 'gnss-systems', 'simulation-framework', 'gnu-octave-toolbox']",NaveGo: an open-source MATLAB/GNU Octave toolbox for processing integrated navigation systems and performing inertial sensors analysis.,,314,2,0,0,6,View license,https://github.com/rodralez/NaveGo
92,sensor,home-assistant-config,renemarc,204,26,18,24,0,1,"['home-assistant', 'home-assistant-config', 'hassio', 'smart-home', 'home-automation', 'control-lights', 'climate-control', 'weather-report', 'air-quality', 'gtfs', 'transit', 'sensor', 'raspberry-pi', 'zwave', 'homekit', 'flic', 'lifx', 'limitlessled', 'nanoleaf-aurora-lights']",üè† Fully documented Home Assistant configuration for a smart-looking place. üòé Be sure to ‚≠êÔ∏è my repo and copy ideas!,,234,12,0,0,6,Apache-2.0,https://github.com/renemarc/home-assistant-config
93,sensor,vl53l0x-arduino,pololu,203,112,26,8,4,0,[],Pololu Arduino library for VL53L0X time-of-flight distance sensor,https://www.pololu.com/product/2490,32,1,0,0,5,View license,https://github.com/pololu/vl53l0x-arduino
94,sensor,ros-sensor-fusion-tutorial,methylDragon,202,84,16,2,0,0,"['robotics', 'ros', 'sensor-fusion', 'robot-localization', 'ekf-localization', 'kalman-filter', 'tutorial']",An in-depth step-by-step tutorial for implementing sensor fusion with robot_localization! üõ∞,,21,1,0,0,0,MIT,https://github.com/methylDragon/ros-sensor-fusion-tutorial
95,sensor,react-native-sensor-manager,kprimice,199,53,7,19,5,0,[],Native sensors access for react-native,,45,1,0,0,0,Fetching contributors,https://github.com/kprimice/react-native-sensor-manager
96,sensor,weatherstation,androidthings,199,72,31,4,0,0,"['android-things', 'google-cloud-pubsub']",Sensor-based peripheral sample using Android Things,,64,2,0,0,0,Apache-2.0,https://github.com/androidthings/weatherstation
97,sensor,OctoPrint-Enclosure,vitormhenrique,198,77,32,63,2,0,"['temperature-sensor', 'enclosure', 'raspberry-pi', 'gpio', 'sensor', 'filament-sensor', 'temperature-alarm', 'octoprint', 'enclosure-plugin', 'printer', 'plugin']",OctoPrint Enclosure Plugin,,415,3,0,0,38,GPL-3.0,https://github.com/vitormhenrique/OctoPrint-Enclosure
98,sensor,SensorDashboard,pocmo,197,110,25,0,0,0,[],A sensor dashboard for Android plotting all sensor data of your Android wearable.,,103,2,0,0,0,Apache-2.0,https://github.com/pocmo/SensorDashboard
99,sensor,BME680_driver,BoschSensortec,197,61,44,2,0,,[],"BME680 sensor driver / API including example guide. To report issues, go to https://community.bosch-sensortec.com/t5/Bosch-Sensortec-Community/ct-p/bst_community.",https://community.bosch-sensortec.com/t5/Bosch-Sensortec-Community/ct-p/bst_community,28,1,0,0,11,BSD-3-Clause,https://github.com/BoschSensortec/BME680_driver
